frame,distance_m,lateral_m,yaw_deg,background_index,visible_keypoints,occluded_keypoints,bbox_xmin,bbox_ymin,bbox_xmax,bbox_ymax
train_00000,2.9591401976868257,-0.2849935468663998,-6.749120448926423,1,5,1,0.0,146.4421767392048,911.7207208523649,618.3126691203328
train_00001,3.138211050694651,-0.20420441017386592,-2.3215680553949234,2,4,2,0.0,177.07898379916182,988.8757358850448,609.2356285341734
train_00002,3.2106924099115703,0.13783907201629075,1.0868427436410215,3,5,2,237.01232152644087,147.67070546966892,1280.0,566.8855048246231
train_00003,2.866028217885143,0.12274310172895408,-13.625268490330134,1,7,1,111.82851059749034,96.95108896470386,1278.58026778652,601.6060294811399
train_00004,3.1596025111830377,0.2911329123964546,10.659531630454406,0,6,0,369.5797725301039,121.89418284359058,1280.0,564.8410840228321
train_00005,2.570189337558749,-0.027953818578938694,10.02331279922251,1,5,0,0.0,60.59512792483533,1280.0,630.6941649733026
train_00006,2.555271450675324,-0.17429578153710737,-6.990665338526599,0,6,0,0.0,61.484394645126535,1087.3304923629184,627.6627655736097
train_00007,2.9136965085004825,-0.1973168110811418,6.873803938510477,1,6,0,0.0,101.17119078139277,1072.872768517714,582.8003990592879
train_00008,2.6933903177766734,-0.13803130392943322,12.76173538863653,4,4,0,0.0,74.07659890724328,1189.7070616148685,617.8932486912879
train_00009,2.3435721079461564,-0.2807398536575773,-5.536408558227542,2,4,0,0.0,43.792803235692,1015.7027116272852,669.9912615105715
train_00010,2.099282907817321,0.24788167451132698,2.0154015443550684,2,4,0,129.59337313042482,13.539877375472361,1280.0,718.7634948733476
train_00011,2.318939816081211,-0.0004612443046336234,11.540494616601073,3,4,0,0.0,44.33375618681883,1280.0,699.1903130355686
train_00012,2.214307385663094,-0.21622180828469623,7.349669462748196,4,4,0,0.0,42.11407394731043,1212.816147910505,720.0
train_00013,2.394112412784403,0.050751594134124334,11.93468650807431,3,6,0,45.57171260414741,74.24248735991199,1280.0,703.1542582239579
train_00014,2.5429946655704163,0.29839546679349654,-10.850047653274324,3,4,0,228.04218993030025,96.85488825799585,1280.0,675.8793800560085
train_00015,2.136364118260691,-0.27173017474515926,-11.710526089480226,1,4,0,0.0,28.39654140206352,1048.850223604304,720.0
train_00016,3.188119046544446,-0.04670401992018958,-13.094168815441286,3,8,0,35.62671745491038,159.17435084264488,1083.467361174938,600.4977159483786
train_00017,2.893832642541692,-0.01917006732919363,-7.457576400545605,4,8,0,3.6512975642994405,138.93840070451552,1171.645176210971,624.9723031492852
train_00018,3.291169553351747,-0.2931113868343082,6.6216545808058385,4,6,0,0.0,170.89410326984537,938.6731352299761,586.3181439498712
train_00019,3.1263166993874147,0.16115923959446754,-4.7947358090686425,2,7,0,218.59059245874008,160.49311661200085,1280.0,598.8949778548962
train_00020,2.6521478760036574,-0.02776577620247611,13.614477825632402,2,6,1,45.398684614510074,71.18757703025862,1280.0,626.9574941136366
train_00021,3.4578321483051715,0.15717731943123875,0.23045023812975707,0,4,4,282.6235700407219,186.00109509879627,1245.1681987349327,569.46125990862
train_00022,3.30577785475515,-0.12093312513082025,4.1684848459801565,4,4,4,53.464259557731566,184.07783425576775,1066.4166510048165,593.710078308146
train_00023,3.3777402415935533,0.05936675067613739,-0.3418287591315643,0,5,3,191.6647906556475,203.68636452277767,1180.611225510591,597.6023808343609
train_00024,3.3936479243969258,0.22723312669391055,9.949965880835382,2,6,0,349.8112462219524,201.93229219789202,1280.0,606.9862085806699
train_00025,3.1487516439604817,-0.22296512130014232,-0.7415286570380601,4,4,2,0.0,151.2621195021121,980.1390771928482,579.3450120934635
train_00026,3.393370239503265,0.1531591179814833,5.696028962988642,2,5,3,298.44262851115417,150.32778834328352,1271.9128265197292,550.1268047369795
train_00027,2.6772292120866945,-0.15125663180039522,-13.079223110209652,0,4,2,0.0,72.85644798808048,1078.228459903876,621.5594369855692
train_00028,2.88246307768585,-0.1619311604420538,-8.393478466453216,0,4,2,0.0,97.3396295091184,1027.5668449030868,588.3301477516397
train_00029,3.0617614198226812,-0.26467573987420595,-12.977990156690776,0,4,2,0.0,108.90521468626191,947.5282956483228,573.0398395613768
train_00030,3.2894531003806198,-0.25748559006680793,-7.8598609689301435,3,4,2,0.0,130.69617640370575,909.5247808727652,548.7453996987945
train_00031,2.978217340997783,0.024352762860183008,-14.557264305130484,0,6,2,48.33027317927822,140.6745763302814,1171.115498014337,622.8744161344927
train_00032,3.389550474512191,0.20921744064858322,-10.01066668188258,3,7,1,275.473897432379,175.23210476664693,1252.1904318261852,581.0734742915602
train_00033,2.7220376269565594,0.21879023641812928,12.073285965316458,1,5,1,267.4817501280928,117.13611291491405,1280.0,651.3463581665894
train_00034,2.992806967926118,-0.007997153007402336,-9.303063981970887,1,6,2,32.714590211299,146.1771952357787,1148.8789789077157,616.214374535315
train_00035,3.453064047453738,0.04750817448975375,1.2658560412282256,2,5,3,200.36420919966355,184.4595745219656,1163.751094085635,569.9083545752699
train_00036,2.6858368588556782,0.2574109990233085,13.0720286233447,0,5,1,287.97671472432137,112.00225932330213,1280.0,657.55243074229
train_00037,2.687428283927879,0.2990726645126654,14.882893435652832,0,5,1,311.8719450663878,110.35188595943457,1280.0,659.550225609695
train_00038,2.806451606152441,0.0035308164292592314,-11.026302889005981,2,5,2,0.0,127.14923870113199,1189.7260252069757,639.2287693909612
train_00039,3.4083950058906556,-0.21942533136397935,-11.537139887426934,0,4,2,0.0,175.52389624506873,940.6301736344826,580.7158346583075
train_00040,3.113625025971498,-0.2067312541350057,-6.547311856263171,1,4,2,0.0,158.18372503416458,964.0292269111194,601.6910173830556
train_00041,3.111846362521896,0.031008252675834735,-2.16939243057962,0,6,2,114.51266694740369,161.4454716938393,1200.7492649861586,597.7447991460975
train_00042,2.644680069321158,-0.27490268509868526,-4.060454540182318,0,4,0,0.0,117.13462612794608,979.6564026582291,651.3444065252537
train_00043,3.348386954789712,-0.17395407699614757,-7.514107823312267,0,6,1,0.0,174.10742436988915,958.2978469531946,582.4290649833861
train_00044,2.5305179519219276,0.0359301114863218,11.241381706232737,4,5,1,62.91971431297803,94.73229211289758,1280.0,678.4444405988459
train_00045,3.124216416715309,0.25545829354173394,-7.89788003311924,1,6,0,286.7175705463419,157.98705319854557,1280.0,601.9277285608166
train_00046,3.4643090493964444,0.18646303196423814,11.442486139899732,0,5,2,323.44977535217595,179.1058931732165,1280.0,576.3843839947875
train_00047,3.2033527084057085,0.21843841702516759,9.322479497231669,2,4,2,331.31661071721425,162.90084410930294,1280.0,595.9868109031727
train_00048,3.2878898770066725,-0.16653976947260132,9.49759816790787,3,7,1,38.61171566530167,168.78045917327992,1049.1708211965115,588.8755185301284
train_00049,2.524487636668878,0.19232182858293717,11.139691075890244,1,6,0,225.09666708146725,94.05778392575726,1280.0,679.2597649613115
train_00050,2.0354966520521773,-0.1841221270033748,-5.152141464068805,0,4,0,0.0,20.359037742890575,1239.3643543324006,720.0
train_00051,3.4503336560725417,-0.13252500436687714,4.244452158228832,3,8,0,72.32926096046548,182.47118326959946,1036.8177994124992,572.3144097361844
train_00052,3.0192771775403955,0.2061966979632484,-5.065503953567788,0,6,0,240.40238409662834,151.89916633560014,1280.0,609.2918180025681
train_00053,2.1730126277771413,0.2822403666133368,-9.642965514826091,2,4,0,130.54559814227582,39.65046397133843,1280.0,720.0
train_00054,2.654590825805912,0.2905415095899539,-11.530626479120087,4,4,0,237.55142828999362,109.94902392481693,1280.0,660.0343407727504
train_00055,2.285118161753444,-0.27336807977206135,-1.9182745363508307,4,4,0,0.0,72.65912632427943,1066.4117433600763,705.1401443023941
train_00056,3.388362748248624,0.023071198255675163,6.5828999743453664,1,7,1,198.04172370037912,177.25080688585984,1173.4826208859065,578.6289018754567
train_00057,2.546332207671896,-0.25801571332421386,4.9271305473381695,2,4,0,0.0,104.5509990234145,1070.3177374803815,666.5691383837486
train_00058,2.934733114919614,0.09803248575932655,-11.261240530068967,2,8,0,109.61090113179885,139.38173917148038,1251.187454065535,624.433484836676
train_00059,2.7606837560529036,0.10013574246343782,-5.214512854278004,2,6,0,92.33093273453107,128.22328213387496,1280.0,637.9305659143937
train_00060,3.015976917909099,0.24168332743954962,3.4654474785414173,2,5,1,317.0258024272789,153.91501999952717,1280.0,609.0472524008649
train_00061,2.644832224984752,0.04799086871740921,4.641168711092149,3,4,2,59.94147360687997,137.5967244555985,1280.0,673.1737757746032
train_00062,2.6626790252569297,0.10537633991405992,0.33521990623761333,1,4,2,100.16912306488202,149.52927131932415,1280.0,669.8990216826201
train_00063,2.988276117497633,-0.12972815700418353,4.915615089149963,4,6,0,0.0,177.00706987578374,1112.6424294606404,639.6667818063506
train_00064,2.5027823831147016,0.19105407872199853,7.5341441262219675,2,4,2,207.37249665609568,110.93719008623191,1280.0,692.2743425676888
train_00065,2.3369609989959326,-0.180522040364054,-14.26723836819521,1,5,1,0.0,56.397530207654064,1115.814138868169,713.1876446375215
train_00066,3.4759040341727774,0.06676438383640804,8.054680170005906,3,7,1,253.5447890776328,167.92278632430884,1195.4355813776092,559.5257622483877
train_00067,3.33898973931705,0.2162643392535128,11.563956165295977,3,6,0,330.71689262909695,138.08577393067515,1280.0,553.7996322416255
train_00068,2.328261705218479,0.18246591370388582,5.87735329224715,3,4,2,138.80172620074683,33.83893026437183,1280.0,666.6366850459026
train_00069,2.8931784777041294,0.2700237650658936,11.742777774313112,4,5,1,326.06750359020805,94.82235789407619,1280.0,590.1189414369342
train_00070,3.222509760997526,0.23521217780461084,-2.1977772942403337,4,5,1,304.29703616731206,131.7868382903279,1280.0,551.2159443259183
train_00071,3.419093050385151,-0.2882808259573637,11.419700182734708,4,5,1,0.0,176.28272241942486,945.2616272629202,579.8016420428435
train_00072,3.1998022564119015,0.23868680843951712,-0.3531156734924856,2,5,1,314.2747863453011,169.11821789743186,1280.0,588.4619563275393
train_00073,2.653753964069955,-0.28258510803197084,-4.916113689048526,3,4,1,0.0,117.16960296439555,963.5739661878313,651.3006121187152
train_00074,3.086272066440933,0.2043033978375351,12.586248620069277,4,5,1,295.07048451648575,151.50598524188686,1280.0,609.7708563912328
train_00075,2.8011854442987563,0.244157317552061,2.7567832688373244,0,4,2,283.9724948770139,134.69598870711403,1280.0,630.1038454141722
train_00076,2.378407297673571,-0.25085626034301445,-14.41850138849968,4,6,0,0.0,68.30485111580502,1046.7713064771908,710.4059409903149
train_00077,2.078128412364883,0.2711518154291526,-8.273335028407555,0,4,0,93.7430826006591,22.92783217452621,1280.0,720.0
train_00078,3.1718495744163424,0.09105279314633363,7.626996121785787,1,7,1,228.4432505150084,161.7761816837396,1273.7811521389249,597.3470296861194
train_00079,3.0491974568692264,0.16013885901374447,-9.966325698965932,4,5,2,188.1312783315213,150.4173355031766,1280.0,611.0843519529261
train_00080,3.445602116151813,0.13101433715760497,8.333756585262979,1,8,0,301.3737218885285,179.74366167513264,1249.5213428581703,575.6119956962702
train_00081,3.4470811595511313,-0.23514075020543607,-14.229647235076019,2,5,1,0.0,176.46250559029198,938.6386064040514,579.5827400083552
train_00082,3.0457895037436584,-0.11905038870739981,5.527771174999685,0,7,1,1.988960129472943,153.65096564624565,1113.9322407719128,607.1768104976567
train_00083,3.1943408249003182,0.03955953322038952,-13.767926093815916,4,7,1,105.21528944514444,159.19447275396365,1144.2573039212916,600.467918374165
train_00084,3.441181350821868,0.08135106366086753,9.861219330073745,1,7,1,262.92276678940743,178.5780532457183,1216.1156701127402,577.0231750203022
train_00085,2.6532307175115157,0.1402771824080351,13.96421193714233,2,5,1,185.3596157603937,107.21115400677358,1280.0,663.3498557106936
train_00086,2.9238685310803265,0.2517705941416602,8.239243511147237,3,5,1,334.61226635362897,140.99108111029105,1280.0,622.4894618059079
train_00087,3.2460965283359053,-0.24800226116659535,11.448935520083158,1,6,0,0.0,164.56168271610343,995.3504623583495,593.9789289145384
train_00088,3.1257144227405096,0.04190978680699331,5.045654113364808,2,7,1,161.7099414175506,160.24357023238645,1235.6096821026265,599.201717542944
train_00089,2.5322374492641426,-0.14498855468479316,-6.610245358872421,4,4,2,0.0,100.69115331062146,1127.6430141407322,671.2336639134577
train_00090,3.051775625498302,-0.13423885454628906,-14.695466566839686,1,5,1,0.0,147.0451560345535,1047.7972674053622,615.1644896808573
train_00091,3.0359140091697845,0.08754173984457136,-0.2753599476424142,0,5,3,158.3350971668201,157.22193537110834,1276.9797827551517,602.8535091875447
train_00092,2.995940032395224,-0.07858772960337781,1.6041886503074885,2,4,4,7.29564255720085,152.90099464668748,1143.5839777415322,608.0839805932134
train_00093,2.4063746404642945,-0.1491577942794351,-11.380323457430826,1,5,1,0.0,76.90231592973154,1112.4118703614085,700.0076890253978
train_00094,2.4733219160089797,0.14572863818346238,13.526326811803042,1,5,1,162.96297058073742,83.98723169317047,1280.0,691.440814070793
train_00095,3.464910534324585,0.014782121465164721,-6.510038901751349,0,6,2,148.3065194851548,181.98816578103282,1100.8925252085498,572.8956716738459
train_00096,3.248942544990602,-0.12225212204091332,-4.173567925518407,2,5,3,6.895973993731843,169.7159089288964,1033.8933851135469,587.7410298384301
train_00097,2.8300384501979123,0.11845043574611669,-11.211615211247732,3,7,0,106.72451878465097,129.3713123858705,1280.0,636.542025079686
train_00098,2.153881470181641,-0.2926407579746952,-6.469820185885519,3,4,0,0.0,41.86561733457866,1031.4468108696199,720.0
train_00099,2.6607031972040156,-0.18938179776595096,-13.458698484492665,3,6,0,0.0,108.60502801684694,1051.4256770915067,661.6616371527754
train_00100,2.171130711087387,-0.2607939389316405,-0.2476031912679595,4,4,0,0.0,56.82491390246315,1124.4845784823106,720.0
train_00101,2.9441685604279977,-0.2678345554244801,-10.524072465790345,4,5,1,0.0,108.95238716053329,944.4871022636028,590.9005946841202
train_00102,3.423688463537047,-0.24889145496226195,-7.554271343696516,4,4,2,0.0,179.55249069558894,904.4795284632756,577.464882621428
train_00103,3.1466651679892914,0.06379059074577764,8.722224895302581,1,7,1,208.17216036265927,170.20541808477475,1260.194716371675,611.6993417470554
train_00104,3.163540309547326,-0.07177318431207039,12.255131328714118,2,7,1,113.24637973220462,176.82388300731105,1152.1726408348834,620.9563742538908
train_00105,3.29024999873927,0.29401875628007873,-5.838592670419189,4,4,2,345.27918527007034,194.97258332171066,1280.0,609.272163716048
train_00106,2.938272545609905,-0.14121232482599555,-12.56437603599047,1,4,2,0.0,152.94217440022294,1046.3638812516704,639.5340294596588
train_00107,2.260720322489652,-0.25496107865929923,-14.919728321913428,3,4,2,0.0,41.887189582551486,1065.2460150090003,720.0
train_00108,3.0340567036771535,-0.01805251259538848,-14.02080433857227,2,7,1,24.4597391320508,131.85496436930882,1129.560675424691,602.4271237835193
train_00109,3.0604337448185497,0.12179253485623032,-1.3790602077887026,1,4,3,187.4765859019928,136.39460597828784,1280.0,580.1739978402202
train_00110,3.385866566723823,0.17269681598803882,3.751740214926656,1,5,2,302.4519571965945,151.10368837416098,1280.0,549.2191029196761
train_00111,3.2399467394750894,-0.2571540978865115,-10.02231632337826,2,4,2,0.0,128.42996816012928,923.6571255238375,557.2761295215835
train_00112,2.892566055979107,0.19454418079200553,12.635775869029146,3,4,2,265.7932901750323,94.49393693651615,1280.0,591.6126962004003
train_00113,2.7507082656768884,-0.003722868392949441,-12.58674444302097,0,6,1,0.0,79.03818110093022,1185.3023887678714,608.3088159810985
train_00114,3.3341343339386804,0.14072035397136917,3.111409228377319,0,5,3,266.436442547353,138.69353765801972,1267.7005613632684,543.2292260956552
train_00115,2.8643704769041203,0.15786540250302328,-9.744278161860821,4,4,2,153.06648849319083,109.26442867429644,1280.0,606.4574777819897
train_00116,2.6538274806155044,0.188546966724362,14.07165708197111,3,5,1,223.34016366245407,98.19032545630212,1280.0,654.612752497992
train_00117,2.5219415844419757,-0.1000149638009448,5.104005285635562,1,4,2,0.0,101.2490189343261,1248.5794346202028,670.4891230768287
train_00118,3.220349052106959,0.030057965383069762,-1.3552227419481166,2,4,4,137.26213728956003,169.78657729365514,1181.6563944667287,587.6596055419658
train_00119,2.619871356198982,-0.18745047516328373,-4.146619225449742,3,4,2,0.0,114.24075235456714,1078.5606541684356,654.8433909970508
train_00120,2.9381131132175136,0.15599432163661014,-8.893252849491784,4,4,2,168.43738303654766,141.70760876968453,1280.0,621.6183145634049
train_00121,3.064674237650389,-0.11354991696399894,-14.589766066018178,3,4,2,0.0,148.22046077556757,1060.2909296242021,613.7416162498572
train_00122,2.139813801922284,0.29535428363713173,12.38789635452504,3,4,0,250.11320001918904,27.897107502628064,1280.0,720.0
train_00123,3.420591113539034,0.0886258132702552,-10.380866267150157,2,7,1,187.10334036627108,176.98330795280486,1145.4916075938936,578.9492435732318
train_00124,2.7623613373893408,0.22759575308788565,10.920808032857643,2,4,2,285.388832332985,122.66617498379523,1280.0,644.654816283091
train_00125,2.869885075825106,0.09596445183295166,10.95781784100728,3,4,2,200.02588743690006,133.53917847348188,1280.0,631.5036928383493
train_00126,2.8078708665558105,-0.09292563498419548,1.5575225121243292,4,4,2,0.0,136.52205086014575,1168.943034811833,627.895402077017
train_00127,2.565815081320829,0.2597113534291566,11.088050497022056,1,4,2,286.4047751595988,99.53455749016514,1280.0,672.6372496521551
train_00128,2.7889266302113422,-0.02584315531545467,6.6733148271192775,3,5,3,32.922787787418244,129.58588450492027,1258.2842376618403,636.2862054529146
train_00129,3.306399457023829,0.2819740764246637,-12.755152552688735,2,4,1,314.7062541396198,167.99295852326142,1280.0,589.8243576250128
train_00130,2.5078418510771474,0.11562275915212922,4.495099577378177,2,4,2,97.38313573069227,100.28846336252944,1280.0,671.7237751974815
train_00131,3.4961388844343233,0.1480598200427562,-1.9808558423062301,0,5,3,269.46874075602517,186.50945704233362,1220.8018970262801,567.4260886499508
train_00132,3.140554539491398,0.12233449759742276,-11.984782790315478,1,6,2,166.45498146418475,156.27274586335568,1219.837621818285,604.0018466994383
train_00133,2.440051663947813,-0.07509534613481109,-10.632906129018046,4,4,2,0.0,82.92351167323686,1202.3828564295357,692.7244963204151
train_00134,2.7465008785519265,0.04989427839123178,-8.034346671145432,2,5,3,30.43316186177165,123.86596124992677,1275.238740366008,643.2013661895382
train_00135,3.3518141353983246,0.10656653141944766,-10.26073133784639,3,6,2,191.0035766937744,172.61334436972462,1173.5224472974273,584.2357450911362
train_00136,3.4178534524019692,0.2925910171310829,-6.025372526286834,3,4,2,355.4949695924108,179.43752840557008,1280.0,575.980384301247
train_00137,3.0354702686901938,-0.02589851239932811,-5.936349883850591,3,6,2,35.567148527786614,152.49741927336893,1144.9058498140314,608.5688112059437
train_00138,3.2800031879902787,-0.23600803954658345,-3.559071070271129,2,4,2,0.0,172.23182098253642,937.9898160455326,584.6979468228651
train_00139,3.365925430578066,0.14710329248038206,9.985166990195651,2,6,2,296.48334947837054,173.71544964031506,1280.0,582.9051015043525
train_00140,3.163611469405071,-0.1619289654177502,9.057958726358628,1,4,4,11.779362604535564,160.12848750241346,1069.6364120976482,599.3413665265332
train_00141,2.954926817008838,0.07253469787818245,5.332933758700783,1,4,3,159.50386374126913,146.25947263737729,1280.0,616.1172755565669
train_00142,3.1829157260152305,-0.2799812812526205,-4.054163009145908,1,4,2,0.0,165.1867190913229,907.6626137726021,593.2201038781985
train_00143,3.371073430307468,0.26651268965831915,14.021522285004366,2,4,2,355.91303283574575,171.6526831993038,1280.0,585.3999453278576
train_00144,3.1198390260755673,-0.09677084771886824,-11.544908776507217,0,5,2,0.0,154.95163794944193,1050.1802043584876,605.600463491072
train_00145,2.211135522508824,0.27990012567765127,10.804217906964656,3,4,0,257.4018999494313,44.87606749839914,1280.0,720.0
train_00146,3.4509046209500482,0.18275258641233716,-4.026748517833008,3,5,3,282.4225682055586,182.65236098814805,1248.0855363925536,572.0917890901068
train_00147,2.876840137478249,0.19345038073606452,13.208756753386627,0,4,2,261.04665814529505,132.2454902569595,1280.0,633.0682822356387
train_00148,3.012254833062983,-0.01711387921113683,3.5864060113358853,4,5,3,77.54996193748845,152.54272849445024,1203.658886866158,608.517142463112
train_00149,3.364081457641838,-0.11868589528244985,-2.751124326137619,1,5,3,38.61941930256798,178.18166144277092,1028.5164608035525,577.5004478275532
train_00150,3.283175289958932,-0.2403872252363218,5.570407964438562,4,4,2,0.0,171.06143250867402,977.7954955293313,586.1165962698392
train_00151,3.352544318636982,0.08689608585241665,-13.183497325001737,2,7,1,169.71745663058257,170.88577525813662,1150.0015580860436,586.3255982938196
train_00152,3.182965631416414,0.05758898110465205,-6.68175462072951,1,7,1,134.28631064007425,163.2785224014106,1185.815578353428,595.5275161442498
train_00153,3.4812909565492585,0.024129274117890842,8.955414706728707,0,6,2,226.11068703450735,181.5435582483624,1164.3796305352607,573.4360672509655
train_00154,2.9915864638959753,-0.284531910128281,-14.554190183078735,1,5,1,0.0,141.87338186251455,946.3996203203111,621.4207619948878
train_00155,2.8832793830756636,-0.2905313498933038,-7.0389747502508,1,5,1,0.0,138.33406178063734,914.4637974863444,625.7017734385599
train_00156,3.1125770854312242,0.01565131595872027,7.36995825101987,3,6,2,149.55965128013014,157.4784495803676,1222.8174763778873,602.5465365005351
train_00157,2.6724128214048264,-0.08277661570949277,2.809980536040811,3,5,1,0.0,121.5696153412134,1216.9470652140628,645.9830081275608
train_00158,3.270947814750864,-0.044235828432004964,-11.761145109623184,3,7,1,56.36866585753239,166.12858701210934,1068.3386512313366,592.080363306001
train_00159,2.908140187302969,-0.2404929229925748,6.053382556381987,4,4,1,0.0,141.49332189921273,1029.6900996909133,621.8834033520197
train_00160,3.0812598749863986,-0.17098616020350185,-1.4533525210415537,1,4,2,0.0,159.71854501633365,1030.895267287166,599.8342505816897
train_00161,2.4688225249956997,-0.11248585731487931,-7.353306105516624,1,4,2,0.0,91.3776362718073,1176.2905330866954,682.4988334003788
train_00162,3.030231553200465,-0.015439268646538384,-12.26325634901854,0,6,2,28.887859224516603,147.03668810156665,1122.3655621165474,615.1743351235555
train_00163,2.834556103423025,0.05187904964368617,1.8475924197621723,2,5,2,94.05903564553931,138.72946966653475,1280.0,625.2258805346178
train_00164,3.005019897098444,-0.05351482024670509,11.208221167029556,3,5,3,88.62292186455285,145.70072111391733,1195.0965577465558,616.7933608985908
train_00165,3.302138223303597,0.13263640724768966,14.051958759344235,4,4,3,262.42884679269696,166.90859159302997,1280.0,591.1389633326452
train_00166,2.985104454482228,-0.16545307853546065,-11.753448542182001,4,4,2,0.0,143.50958846392433,1019.081789746084,619.4411695470469
train_00167,3.0124650669399555,0.034043853102268984,3.2698474665919584,2,5,3,123.0494396651406,152.82643897472917,1248.2585292197855,608.1738247978197
train_00168,2.5265351311054727,-0.19115666507245882,-10.702455289739127,3,4,2,0.0,94.84241396863791,1052.9351622028023,678.3083671593128
train_00169,2.1043781318725046,0.14458143547105196,14.154309562740572,0,4,2,83.2403378404615,16.884846208480067,1280.0,720.0
train_00170,3.11916764300856,-0.17092027197989343,-2.405025187064906,2,4,2,0.0,161.80003499662786,1020.2357210802677,597.3164371494354
train_00171,2.7284925573364944,-0.03477348798133251,-6.804994669056917,4,5,1,0.0,123.2338534164916,1199.2825172291955,643.9661843879828
train_00172,2.7299491300463763,0.10027953524180977,-13.637479121867175,3,5,2,62.43255400033583,116.44196718733026,1280.0,652.1813185702806
train_00173,3.476668487481679,-0.2671308248891514,-8.867306269388047,1,4,2,0.0,181.31091440015834,894.2797989801637,573.7156162107298
train_00174,3.151024290962906,0.15849653745674858,-6.316586063476873,0,4,3,214.4572791418905,161.19342380107742,1280.0,598.0494418197925
train_00175,2.689631375534413,-0.25328243287454544,-5.608181079679916,3,4,2,0.0,120.34353006763621,984.2781270800681,647.4629335064253
train_00176,3.2667265397220455,-0.15401011510635979,2.666138649087358,4,6,2,9.796552727731367,171.95489932465696,1038.3084304062345,585.0356539058638
train_00177,2.154206791666644,-0.14641906679896208,-9.795029326737156,1,5,1,0.0,35.6462245825846,1207.1248334578054,720.0
train_00178,3.140322943320338,0.09330540631124346,-9.685616131583126,3,7,1,147.8971737877112,157.90506528634162,1208.5985082151053,602.0273742230644
train_00179,2.6959296027695294,0.03824128997270976,2.3840426911946935,4,5,1,49.08813106805951,124.53897868702563,1280.0,642.3908921491935
train_00180,2.9644877460073493,0.2919191686415155,-5.303752750699179,2,4,0,308.5247699928906,147.12115015360826,1280.0,615.0711369737294
train_00181,2.2264361020896155,-0.25902824490254633,-1.7337580849114538,2,4,0,0.0,63.51851673993365,1100.9005719968413,716.1959366161142
train_00182,3.1944945187271423,0.054851854098612596,-4.441733321397702,0,8,0,141.50528812867265,165.73488135355393,1193.1379228621663,592.5561849696503
train_00183,2.8911197279438507,-0.06931051405052105,2.4098822223357175,0,6,1,0.0,144.37299491072616,1178.5693940748572,620.7928713845928
train_00184,2.6746005554763594,0.18588955061878265,4.555123639458294,2,5,1,214.8876222150905,132.45256462462007,1280.0,660.621103760224
train_00185,2.9075087511050963,0.0008203811236965897,13.73167076599755,3,7,1,120.63013080572766,154.92654820445642,1269.4399853643877,650.109231241255
train_00186,3.4864790339703315,0.01444113190210472,3.2941621896802324,2,5,3,189.00183440394173,198.51835979013492,1140.0768795054244,582.3275037599491
train_00187,2.37799367744923,0.21093975599064257,13.932300859617296,4,4,2,200.09223102195529,38.885876455569345,1280.0,680.3514008696214
train_00188,3.309919493090808,-0.09998277836366604,2.4821854375925874,1,6,2,61.74516869476946,142.12856080433738,1076.1112292093173,549.0986892209391
train_00189,3.37511968258568,-0.11386095746891273,4.681641541081657,3,7,1,73.48045080618363,141.31269354566246,1063.9811616202844,542.361152539012
train_00190,2.5650189590844503,0.1749971747181261,9.395543514444029,4,5,1,216.15651946361524,59.75022776489829,1280.0,629.6592593488607
train_00191,2.5438965034730665,-0.1918422462738932,-8.574220163732988,3,4,2,0.0,60.237801091591244,1056.3511989296321,633.8670732621357
train_00192,3.2666425830288253,-0.2393155417992635,8.126241610893029,4,5,1,0.0,138.19337654364395,990.453904476053,559.9599673635847
train_00193,2.895869661607443,-0.20744834320732708,-9.574620984939102,4,4,2,0.0,119.76259943785509,987.6867020077784,609.8812131680479
train_00194,3.213565579458952,-0.20067650055356479,-1.8697978458495985,3,4,2,0.0,160.35260624567064,984.9918905571903,580.2064179931808
train_00195,2.5464491211961535,0.13175140427438997,14.08765810225875,4,5,1,160.3090466245677,93.44048621235466,1280.0,679.9346168126905
train_00196,2.358752745868279,0.2793579823164219,8.531107187796145,1,4,0,292.8259569654357,73.72498158089098,1280.0,703.8553925723445
train_00197,2.5517614373375492,0.2682781021464738,14.53319380594732,3,5,1,272.2751940429363,93.68305635941368,1280.0,679.7162595482214
train_00198,3.154157827963364,0.1668744223499556,0.08720074462736882,3,4,2,249.24599661484535,166.1130489449696,1280.0,592.1032261268032
train_00199,3.449402229808921,0.19013474374874406,9.037776724546429,1,7,0,335.1033839330193,179.56575876923938,1280.0,575.8271493219665
train_00200,3.3095028800890205,-0.26869211804339727,-0.5822803361452493,2,4,2,0.0,176.19581388684313,924.2284807144299,579.9014775511664
train_00201,2.8318111181366468,-0.2384461609509544,10.376768302003153,0,4,0,0.0,130.32005083003853,1059.2830490391611,635.3991362117717
train_00202,3.2250548837832507,0.23077786423080443,12.914157813788247,3,6,0,324.89931139770124,162.07758083617384,1280.0,596.9830679683712
train_00203,3.187070956223264,-0.21744024736447698,-6.393618080601955,3,4,2,0.0,163.7806191719392,946.8048975989532,594.9211754353051
train_00204,3.0441079828639754,-0.21672438490908827,6.166085258672414,3,5,1,0.0,152.99939285098407,1031.109827992426,607.964619672364
train_00205,2.9230223857453224,0.24351449346196247,-14.42988345267089,1,4,0,229.44391755522906,135.65330433328924,1280.0,628.9415234585313
train_00206,3.2524446489235714,0.02928254726630125,6.817043559747955,4,8,0,182.9019092613278,168.1198872482405,1204.2362497437218,589.6724555926801
train_00207,2.8312279286272934,-0.06572776046396153,-0.8959476552454202,3,5,1,0.0,139.37997093117002,1178.374198830036,624.4358378245968
train_00208,3.4715591338273404,-0.14780984335847236,-14.51273306673157,0,6,2,13.446464794811988,177.84974348186418,992.5959658357297,577.9022748291849
train_00209,2.517203739745087,0.139764612870385,3.847708874269692,4,5,1,123.13881135714816,102.3121896214334,1280.0,669.2758577090178
train_00210,3.1027804772184666,-0.10048883497680908,-13.669929351143754,4,5,2,0.0,152.0499575670632,1060.2093434847457,609.1104672356108
train_00211,2.507820887269551,0.08567736972163226,9.91150970290808,3,6,0,104.0914483873302,93.34473747524103,1280.0,680.1226553068668
train_00212,3.471228778683274,-0.012881297029245564,-9.531660047583802,1,5,3,120.83124953040375,180.60512446475198,1060.8375891741694,574.5687964077681
train_00213,2.3023864892550514,0.17466552793742635,11.573711568543153,2,5,1,170.92602009470312,59.93974516373982,1280.0,720.0
train_00214,3.400056469925596,0.009230153552699294,14.673681068883702,4,8,0,190.85605550146062,173.19669866052746,1177.217307172277,583.5328367425607
train_00215,2.535461264053045,0.16850494018705497,10.973948312341726,2,5,1,208.06942324987398,95.71693697520514,1280.0,677.2529926211059
train_00216,3.1149615582794317,0.23678249697303194,-3.4006569521792347,1,4,2,287.66348462788073,160.7191814971557,1280.0,598.6228299439464
train_00217,2.744304839805534,-0.0014859645038236002,12.729313998808909,4,6,1,90.98076497961763,118.94049381539108,1280.0,649.1626607065045
train_00218,2.903679948245341,0.193404767723932,1.3642319203391082,2,4,2,241.96116049474426,145.3860723620517,1280.0,617.1735152372421
train_00219,2.9039324415958996,-0.04433035627017273,5.692944253364587,2,7,1,38.063059955674206,141.44340409426354,1210.171806069389,621.943233569406
train_00220,2.6706944895053857,0.13608863742666172,12.348216925388417,4,5,1,194.00935338828788,110.98359148854564,1280.0,658.7868383512055
train_00221,3.4972258966595735,-0.13526678395508543,14.400818375828372,0,8,0,113.56921862554046,179.51280755587857,1055.9695372700337,575.8928460823902
train_00222,3.4291840944194116,-0.21433231898247015,3.2271870996256595,3,6,2,0.0,103.95050500481767,973.3129492683099,495.21913651783086
train_00223,2.8608826675008436,0.017675928921773776,-3.058978621426501,2,5,3,45.04857204969106,159.9139248316944,1242.4163612465363,643.5813828914809
train_00224,3.0560567168102386,-0.17125774474576816,3.3563154829092774,3,5,1,0.0,170.18127683921858,1057.7463037112807,617.8934003695766
train_00225,2.3002675114866804,-0.21856294936168363,-12.77843882470369,1,5,1,0.0,52.35412500742883,1078.2058508136524,718.0475378275594
train_00226,3.3480185461793455,-0.03293328435452697,-12.366277766858069,2,8,0,78.30934026401287,157.14960241195254,1069.6879179576235,572.3417146593932
train_00227,3.001759685733452,0.1257242920917529,1.4999144246067146,2,4,2,195.16741691546338,131.58534799216994,1280.0,585.8410851768858
train_00228,3.336997523530833,0.21081723045187556,6.35427312021638,1,4,2,343.2731091209686,146.2413634835821,1280.0,554.9071345248051
train_00229,3.190544575767504,0.005253447104580478,-11.359126347646294,1,8,0,79.85503662088725,127.41111676100486,1110.2467671648699,566.2099733462595
train_00230,3.188098510416711,-0.1579582894278777,-0.17934187659233203,2,5,2,0.0,131.89153754498898,1034.1456223007995,553.268963551881
train_00231,2.8310321558893925,-0.07865330069926757,9.109851788657593,4,7,1,4.320061063597649,91.57156498036683,1206.5774560714376,594.9833481238514
train_00232,2.194656844570656,0.23054786810077194,-13.027556841979017,3,4,0,59.81111766379421,0.0,1280.0,705.1224291088184
train_00233,3.49939256590158,0.13132179593443172,0.7708696449090038,3,6,2,268.178004483865,148.63148178717117,1219.2610306052209,528.0459104106084
train_00234,3.235009099262586,-0.25574957225325656,14.171391945412978,0,5,0,0.0,124.25112085656065,998.0357981000718,559.9284099555065
train_00235,2.674961743494494,0.1080653943897486,-4.66455657891901,4,4,2,80.64975183297584,84.09615622527232,1280.0,613.1673237177803
train_00236,2.754295679674062,0.22092697645163312,9.941724194026243,4,5,1,284.28854731734305,97.73937448298021,1280.0,619.9891792572773
train_00237,2.51903462351281,0.2645424329589208,11.847777504633733,0,4,2,279.89204177518604,83.3810401557106,1280.0,672.334189953869
train_00238,2.9375335421728854,0.0686569669849188,-12.19714779349272,1,7,1,82.12987998299717,138.85810211621794,1214.9483317769702,625.0726315051678
train_00239,2.887712667974908,0.04838790068415222,-9.863981308326231,4,6,2,58.06287287755168,136.21263675211551,1223.7060813212063,628.271633122382
train_00240,3.0809491526559096,0.06308334471711324,10.27590012340167,4,7,1,206.22559961262658,152.78604189707175,1276.6294317700876,608.2254509958036
train_00241,2.958486788313306,-0.0011771639183303373,3.814920308942529,2,5,3,81.67214557628284,147.88508239868227,1230.8643055844418,614.1497536880634
train_00242,2.9628609339518492,-0.11874353222722642,-7.653662680531709,3,5,1,0.0,144.95485297711625,1060.2153567869027,617.6932017373333
train_00243,2.4461508071446136,-0.2562161846967925,-13.20260901195993,3,5,1,0.0,80.3965220238794,1024.8367207603085,695.7813392905302
train_00244,3.4630611918723204,-0.22154030906856811,-3.8837940584912616,4,5,1,0.0,183.44969239452104,929.2883482638033,571.1278175083233
train_00245,2.159275900413646,-0.15495728343811974,-11.3243427274812,3,4,2,0.0,33.81437211385527,1177.0469972036854,720.0
train_00246,3.296245775543646,-0.04911915399907407,13.880575567180102,1,7,1,143.10925085758683,166.59534200203092,1149.3714965786942,591.5177588110129
train_00247,3.2202167696591744,0.2602509211496428,6.633852864663659,1,5,1,373.4043570814565,165.99037685745236,1280.0,592.2481630944756
train_00248,3.144682062707943,-0.0010406747640547276,0.44174517694453463,3,4,4,104.27422924568603,165.16141712671435,1177.8804886345163,593.25139371846
train_00249,3.318613495400628,-0.0015778361714945954,-12.298527148686471,3,6,2,97.69465341666503,169.11416760136808,1092.9460281089669,588.4686606327733
train_00250,2.4286225721615264,-0.2950935564316554,-11.775087468863777,1,4,1,0.0,79.69401678386473,985.2410924594226,696.6298065891407
train_00251,3.3236835963778892,0.13650483801563512,7.915702924859687,2,7,1,290.30036914866787,172.2289087207134,1277.8478248396366,584.7016054252824
train_00252,2.836747757408193,-0.08063617607221676,-10.67197921893197,4,5,1,0.0,130.53414565353643,1099.2153829276788,635.136050935373
train_00253,2.763683774337773,4.674214238631347e-05,-13.640899425987758,1,5,2,0.0,120.15777118180354,1184.6219373772542,647.6870634255406
train_00254,2.9093907836057062,0.009303439288352366,-5.161024570904212,4,6,2,40.602289648185845,142.42644488018627,1210.0438849984166,620.7506861091598
train_00255,2.89058698344648,0.004388991720777946,0.2914230225249739,3,5,3,53.341231086949605,145.2432366613966,1237.913393209434,617.3468466552545
train_00256,3.0631097096531565,-0.12012566115755177,9.472464997314727,2,5,3,28.111950926722287,151.9412356999069,1122.4330235798245,609.244869510698
train_00257,3.1951322208952204,0.13519452753111316,5.641309536083149,0,4,3,258.1815232445216,164.9038254218293,1280.0,593.5642132796378
train_00258,2.8953644239297907,-0.14068173780856721,4.667729165309069,4,4,2,0.0,141.60173940846133,1118.7707950863999,621.7520074634799
train_00259,2.866451593796274,0.13284006737778403,2.5056983114291995,1,5,1,183.63857032038027,141.01439540124073,1280.0,622.461740734386
train_00260,3.035750391377788,-0.05377355440637696,8.249169054212729,3,5,3,75.67269736323595,150.6529823513586,1181.4493271158562,610.8030338501112
train_00261,3.3092265633684805,0.1415023627612088,-13.131561419567042,1,7,1,205.3593134590597,167.95411661821765,1193.2127010245379,589.8717037618787
train_00262,2.7780248173401696,0.036532063745183585,14.943686052164466,3,4,2,118.61006180108937,120.51671363051315,1280.0,647.2558802370646
train_00263,2.788215727100053,-0.11174844075730972,-9.804527284280168,4,4,2,0.0,126.44316313256499,1083.56228878769,640.0845532579855
train_00264,2.9151148701181273,-0.18464149851797196,-7.604425934179188,4,5,1,0.0,140.7475557664832,1004.6787953202258,622.7820995674529
train_00265,3.0573514052548756,0.11414394693816421,-0.329907614654136,3,4,3,185.71427401384682,158.82387501241092,1280.0,600.9156964924558
train_00266,2.9839580758263615,0.14840309983080296,-8.580395757689773,4,5,2,170.81468393123458,146.01211236178725,1280.0,616.4131211724332
train_00267,2.9235155516217386,0.05209829914248909,-7.726258847691396,4,7,1,75.0554602458542,141.4053955975423,1232.6072184587008,621.9856967401149
train_00268,2.338507469422496,-0.16029806411642836,-11.994061228640073,2,5,1,0.0,65.309552992175,1118.467872138292,714.0295960503977
train_00269,3.4467781508380835,0.28674642709985226,-10.26176771367175,3,4,2,339.4584334970653,178.69213005982837,1280.0,576.8821552149332
train_00270,3.3698445885047787,-0.19496113471142212,11.467349194944994,1,5,3,43.913623583069494,173.06930232096553,1021.5457702274764,583.6875176931954
train_00271,3.4008839158673005,-0.2781960904724667,10.086095943375206,3,4,2,0.0,175.9053008031178,950.8691154016067,580.257155136659
train_00272,2.279467447883733,0.14940192086457327,11.168720556655458,2,4,2,132.11237800358214,56.627127476894515,1280.0,720.0
train_00273,3.315114751876885,-0.2944396989119401,2.0388560599348615,0,6,0,0.0,175.54429331767253,915.7475569605056,580.6940589671151
train_00274,3.3926822690255256,-0.0989747317825482,-1.3695276552961495,4,8,0,64.6123799669104,180.8331302618162,1047.2058990904638,574.2930276043485
train_00275,2.7020311535094352,-0.18431316103571413,-11.620597169395365,1,5,1,0.0,115.32270450140412,1039.4278725629295,653.5360036663338
train_00276,3.096678850713161,0.08897120322554497,6.55794520367661,0,5,2,207.81404423309573,156.86588262924013,1280.0,603.2873457392567
train_00277,3.1049268432383856,0.1744605986551534,2.0334366726281807,1,4,2,258.96025032273246,161.02141735416842,1280.0,598.260519971707
train_00278,2.263242370757697,0.2136879025640746,11.911282853519253,3,4,2,197.16374732343226,52.574594227938476,1280.0,720.0
train_00279,3.472527788660808,-0.013527540906064228,13.074761610041651,0,5,3,192.37865566335068,178.70563289196875,1146.088385421186,576.8689989311071
train_00280,3.0391528856341083,-0.26272540091967833,-11.453254565880822,2,6,0,0.0,148.41456585856818,943.1472936397104,613.5082957247996
train_00281,3.0354355661282213,0.08322679511962999,13.219068712377013,2,4,3,201.1358400199581,146.76889214393094,1280.0,615.5008363369741
train_00282,2.9219381722157736,-0.16852283943879365,-10.992936534095875,1,5,1,0.0,138.42259253316482,1020.2941896402166,625.5944372649003
train_00283,3.369195332424656,0.15441031398259558,9.059849753400929,1,4,3,305.75590076809385,174.49610135689656,1280.0,581.960784993418
train_00284,3.1427894299566606,0.10820515195163877,2.874433965936685,0,6,2,211.0116591938403,163.1639171426659,1280.0,595.6690134574735
train_00285,2.7882599843302516,0.016903874443916056,-4.146453944272688,4,8,0,21.51909312735512,132.0590648321912,1253.7184217719096,633.2910483392146
train_00286,2.859052511341797,-0.2100885711705514,-5.156470867733805,4,6,0,0.0,137.83375356127988,1005.4618444656953,626.3066691377821
train_00287,2.6627608289894464,0.10817714276344248,6.507538985419497,3,4,2,141.69365419335946,116.38990165567107,1280.0,652.2476804427059
train_00288,2.3816858286014186,-0.2981907170453468,-8.462960739811226,0,4,0,0.0,77.30968588509639,967.70951172438,699.5154095901903
train_00289,2.0679347040917433,-0.09328268006271925,-13.087202636637503,0,4,1,0.0,10.6761902140587,1280.0,720.0
train_00290,3.4018741983274197,-0.2585885123038117,13.01326687754792,0,5,3,7.54254000113221,174.2553593689305,973.4100869265086,582.2529110624087
train_00291,2.43063606033698,-0.19201120390457488,-10.937134005316867,3,6,0,0.0,81.13155233611533,1068.200351393808,694.8923885426864
train_00292,2.5616913809574013,0.234800163131116,-1.5438860201194267,3,4,0,205.79723606378275,110.67349897737712,1280.0,659.1579348810355
train_00293,2.5634683007029815,0.10963821246092481,4.853776143764044,4,4,2,107.57403906511428,106.74876177363434,1280.0,663.9095364343137
train_00294,2.19948470950351,0.2161719486762727,-11.441004981441731,4,4,0,49.80559569903832,41.53070429248246,1280.0,720.0
train_00295,3.1342691222883983,0.2870944096074834,-1.1098829641566006,4,4,2,344.386760845652,163.92299219978773,1280.0,594.7472398536822
train_00296,2.6361920446001026,-0.07243411917972373,-8.110077996363039,3,5,1,0.0,111.55799040473755,1172.5804007298586,658.0892578881673
train_00297,2.360999441214818,-0.2596254582663028,2.8183244243807195,3,4,0,0.0,82.6335760747783,1097.2722801787763,693.0799583664391
train_00298,2.896677345097329,0.12197176011895722,-13.539710362687527,0,7,1,118.67046121527302,133.8708888880621,1268.4031725432412,631.0994123224342
train_00299,2.603398026216359,-0.159396432907463,-8.481923694673398,0,5,1,0.0,107.23812479688529,1080.3210589765827,663.3147535959902
train_00300,2.331564110669049,-0.11969942774554823,-13.171270886797135,4,5,1,0.0,62.40953939392403,1164.1173531441439,717.5371256103878
train_00301,3.3195708364458243,0.2469465993723266,3.7797941294499005,3,4,2,356.49408689129956,174.67189232333925,1280.0,581.7480256377562
train_00302,2.833775998975569,-0.271869541828527,-4.667555106821714,3,5,1,0.0,135.92473939166686,951.1782806604629,628.6159913833362
train_00303,3.178706893970777,-0.10875932561021265,-2.51026099735666,1,8,0,7.718559308202515,166.03499679625358,1064.8990334716373,592.1935300115169
train_00304,2.449832741653102,-0.18967261275165037,1.1378479317245223,1,4,0,0.0,97.31637718587307,1148.313195860536,675.3198788213422
train_00305,3.2740113983900607,-0.11955814872291132,6.227303924639166,3,7,1,57.415879490606656,170.0000410412985,1078.6116221283057,587.4002019946375
train_00306,3.3721117607238584,0.037431569752145455,14.033585656398799,4,4,4,208.45324424933423,171.71101725449904,1202.4995519859467,585.3299446670353
train_00307,2.7949877210046283,-0.06694857071552346,-7.350130631773904,2,5,1,0.0,129.53079388127784,1146.4120943964824,636.3495690759735
train_00308,3.2069759267758178,0.052550213296585824,5.143515667062356,1,6,2,185.6822261379299,166.1037820039275,1227.6040427871508,592.1129098876166
train_00309,3.3716619451633822,0.11737577142298905,6.113057480271117,3,6,2,269.7380636695997,176.49208373396291,1248.587768157492,579.546482932908
train_00310,3.3726896893903344,0.03124757552868873,8.265416461913109,3,6,2,212.0547365428041,175.21010527803648,1186.9741340529574,581.0974004661635
train_00311,2.699375691268408,0.08923280399706757,-5.747331471392151,2,5,1,64.95358321496134,121.2550799590575,1280.0,646.35926755805
train_00312,2.7692248100356602,-0.0016336241394099837,-12.041753053035599,3,7,0,0.0,122.28917085599329,1185.5455115468949,645.1089078491004
train_00313,3.142443453964567,-0.10786002912671641,-8.906175262323412,2,7,0,0.0,158.63188257914453,1032.929136239998,601.1487085175959
train_00314,2.6208952558679366,0.03751483647861259,-8.361777050513243,1,6,0,0.0,109.4764078614942,1280.0,660.6067355988173
train_00315,2.442788431261607,-0.1822849303638997,-8.099441219902092,4,5,1,0.0,86.7527059723431,1092.5826722817474,688.0932026551194
train_00316,3.2500440729304776,-0.0004191105784064897,4.638238983630657,2,7,1,145.1241432404007,169.4577898297693,1173.981702522041,588.0558758140374
train_00317,2.385990136452324,0.19295516381541378,13.99524801751031,3,6,0,185.98540117401888,70.1568360750228,1280.0,708.1691735960646
train_00318,2.691243497672308,0.1396633422150113,-4.434714950040199,1,6,0,119.14029240006784,121.81386014666043,1280.0,645.6831838404229
train_00319,3.0804702961431403,-0.00701020724752055,12.506981690831005,4,8,0,147.77309590684632,151.08194354983263,1221.573301974294,610.2839116063252
train_00320,3.485485311319785,0.27434213634758614,0.7183324621223832,0,6,0,377.22455513382636,186.65452179931967,1280.0,567.2530896399543
train_00321,3.4177821668013473,0.10092932603589166,7.930165307160575,3,8,0,272.97976134245124,178.267711086777,1231.2361157913388,577.3985791346765
train_00322,2.9565928876409835,0.2603422326588006,12.382543642044993,3,5,1,323.8709512160166,141.5595298093771,1280.0,624.2951204412577
train_00323,2.794126470262476,-0.1351555576813008,14.32438044697535,0,4,1,0.0,143.59195248473324,1172.385631845846,665.1830234268696
train_00324,2.753324048368155,0.1187154457302374,-2.082803739718864,1,5,1,122.62076603143797,156.57379851850968,1280.0,660.6191840804897
train_00325,2.1605246430417395,-0.2422116658491549,-10.533075427792484,1,4,0,0.0,68.40731492481417,1064.686887915486,720.0
train_00326,2.9296712636179025,-0.14854908221119173,-4.366766974182859,3,5,1,0.0,159.12585122307675,1058.8878878519859,631.7713076612663
train_00327,3.485349547459591,-0.16448564842354668,5.521248764111565,0,6,2,59.45452190245575,169.97392219659136,1013.0604782079392,557.0855383051553
train_00328,2.9806035793387298,0.21493149541271234,7.787575505305345,0,5,1,314.85515165386965,124.39295138651326,1280.0,594.315278601029
train_00329,3.378728323160318,-0.16214010173938997,12.038188770737548,4,6,2,75.01876450937722,134.6547648192547,1047.7102888483998,545.2648427197299
train_00330,2.71325043146791,-0.27206281755495404,-12.769558202230467,2,5,1,0.0,74.15810938756306,976.5801159343087,613.0713753960373
train_00331,3.348967476297513,0.03810591842879013,-14.012946595395842,2,8,0,129.34942746115377,130.89236012899485,1123.898363031304,548.5188192421982
train_00332,3.3933124103799925,-0.12043386625148247,1.9187459887129492,4,5,3,59.33360752841509,146.33662131942484,1045.579237143369,540.9675222084524
train_00333,3.2519758401376277,-0.06650603557958473,11.895773010081594,2,8,0,131.077437692532,134.59870783776532,1140.6122194706381,564.1539084675793
train_00334,2.5757693211243593,0.1438471025524315,8.714942557024496,0,5,1,177.5617161868007,78.20264055998219,1280.0,642.9207927690287
train_00335,3.4322875953719985,-0.061978170414624306,8.206647483939673,0,7,1,145.49522408093537,178.9651905575584,1105.6604295511493,576.4869903065801
train_00336,2.9511844211071026,0.1701288833882773,-1.483494157209222,1,5,1,212.89870114139418,149.35546105477746,1280.0,612.374796652829
train_00337,2.991007861272313,-0.24858352941795855,3.558476707796636,1,4,2,0.0,150.8243271912509,999.3748635818071,610.5984899937491
train_00338,3.0696627990175784,-0.25077719419611083,-10.373371084034448,1,6,0,0.0,151.78087091217444,943.5097309050727,609.4384176262614
train_00339,3.109482933464892,-0.10999306279107829,-11.803472468662166,0,6,0,0.0,153.9388359250717,1043.6338467536275,606.8245404314083
train_00340,3.4144403410136785,-0.033158481002222795,7.8403947360291575,0,7,1,163.6912969874156,178.1116038003527,1129.3452678432147,577.5863787226494
train_00341,2.768661272615688,-0.2380242435950254,-12.311434741188375,4,5,1,0.0,121.96277441320892,993.3679699344034,645.5040539985666
train_00342,3.3578113614700382,0.2869038384083324,2.1588129224861845,1,4,2,383.5433836809341,178.1713346510895,1280.0,577.5145319403275
train_00343,3.027973987691835,-0.19829895285290455,-6.932431094095573,2,4,2,0.0,151.07050484190637,980.2317182885777,610.2941930914639
train_00344,3.0813491786833893,-0.0025185379662824303,3.5000637610736973,3,6,2,105.0655734149943,158.0711572462614,1201.5691847540986,601.8283705344677
train_00345,3.2624200800827765,-0.07206602631177106,10.865949316965427,3,7,1,122.57539368266634,166.11219347534282,1131.3200547764357,592.1028442180933
train_00346,2.5021043356204355,0.1892852820018019,10.785254013025057,4,5,1,221.4775800488423,91.47551742691726,1280.0,682.3820438021075
train_00347,2.718514613593183,-0.19341763720851562,-3.0528125236797585,2,5,1,0.0,126.17555265583424,1060.2630544711642,640.4066172833627
train_00348,3.1729615544053646,-0.10446825753425673,-6.590995606073474,3,6,1,0.0,162.6090601844155,1046.234540617117,596.3377336158054
train_00349,3.4144623731266748,-0.17421096218322987,8.930565630942105,0,5,3,55.586039940031355,177.4558433040953,1024.9638154150607,578.3812977028668
train_00350,2.2087686840445104,-0.11830041449358542,-7.41954945206725,1,4,2,0.0,50.36038204719067,1249.7921179571013,720.0
train_00351,3.0728545869491395,0.17344605793203777,-12.781045932531345,4,6,2,196.21258562153614,150.24107561044508,1277.5775643623272,611.297752259
train_00352,2.7188520496589392,-0.059516941602375806,0.19837929088527062,3,4,2,0.0,129.27588564838942,1216.9302100102536,636.661444359815
train_00353,2.9864024668711484,-0.08699470833090622,4.409995439502129,0,7,1,10.91055856007415,149.7182168735173,1149.3387121695976,611.9339393804481
train_00354,2.8448304383114897,0.08701872234406421,4.4023081808427875,2,5,1,145.66906123963344,137.21582585246873,1280.0,627.0566492574379
train_00355,3.4485751665707425,-0.04172667366589067,-14.683566816462601,2,7,1,86.79390594608897,176.31061059505947,1062.51778019959,579.7638347826135
train_00356,2.333001619324195,0.14811181657968947,1.739802490290618,4,5,1,67.89932539300025,80.20474150066624,1280.0,696.0163212282316
train_00357,3.035655958583196,-0.20955304051205198,14.931081762439604,3,4,0,0.0,145.50153033045353,1063.5514755026147,617.0346427615182
train_00358,3.2469766170607075,0.1380904338136696,-4.550140430355743,2,4,4,218.34867653977454,169.32219785913668,1252.5996730070276,588.2166374610819
train_00359,2.9719548759165706,0.10628359973453039,-10.069377214478903,1,6,2,127.15328197127214,143.72860558153326,1257.8008558791753,619.1754303601734
train_00360,2.77399085284531,0.031146173895012008,-5.070310333404924,3,6,2,28.474156525530248,129.7097628292058,1266.7299286199732,636.1327340665708
train_00361,3.437693932600925,-0.16088667155315378,-2.8485769115924136,1,7,1,20.290982529390078,182.58959265049765,985.157376315883,572.1684905436977
train_00362,3.3246460616289575,-0.03025499317555208,-2.1134147668996963,0,6,2,103.76529452821522,176.1232710777208,1109.3409055417555,579.9901492617397
train_00363,3.0571034239396018,-0.17652931237960684,7.56976486081475,0,4,2,0.0,152.93384996710327,1069.1300176211341,608.0443673848865
train_00364,2.866021857802779,0.17970141413202578,1.106670317119324,2,4,2,221.02996260480296,142.30857662465155,1280.0,620.89616955641
train_00365,2.4889773673982276,-0.025469746676288707,-7.129398136429172,3,4,2,0.0,94.39587004805306,1275.4254488062275,678.8477995457689
train_00366,2.791572529441674,0.08346515139969035,2.9091248784898056,4,4,2,121.71627254460759,133.61274509995195,1280.0,631.415036489783
train_00367,2.588816008571588,-0.2314607559982331,-4.440452267486348,3,4,2,0.0,110.28841832953071,1034.039544304529,659.62531673943
train_00368,2.9260440190046375,0.18824295255656026,6.179650828379401,2,5,1,270.7865353164457,142.99280976535888,1280.0,620.0683637376688
train_00369,3.3780238697061447,0.054101018986487226,5.16330245150948,2,5,3,213.87627530803178,177.49306618104524,1195.376019778499,578.3358054538494
train_00370,2.176792478992485,-0.11677199847870065,-9.508664450055495,1,5,1,0.0,40.6077634510216,1244.3490233481502,720.0
train_00371,2.7662373042307413,-0.049056536273244855,-10.863981043963275,3,5,1,0.0,123.11582156940474,1145.518559614387,644.1091132308137
train_00372,2.634558173109818,-0.007997870584570022,1.1213780999406247,1,6,0,0.0,119.40225323485267,1280.0,648.604458735568
train_00373,2.832368863748746,-0.0062147842846747015,-10.791103947066087,2,7,0,0.0,129.98980422395343,1175.2889347902665,635.7942641946768
train_00374,3.262977821204822,0.07164598727350496,10.965666925692371,0,8,0,232.3931580048081,166.0892131079478,1245.3567680916485,592.1303522881841
train_00375,2.7269133791685256,-0.1829229050194505,-3.481674723961408,4,6,0,0.0,126.58175064434461,1066.7969346303996,639.9169672663131
train_00376,2.7581570295960054,-0.003018091280157842,5.540900116799595,3,4,3,41.663588007546224,94.11911678007445,1280.0,605.2893207237578
train_00377,3.0652135592686958,-0.03368895431444269,-9.982395377158237,4,7,1,26.380895092508183,152.6959199217576,1107.3147867309294,610.6136027969902
train_00378,3.1137773778946807,0.1595517329662144,1.4917855361415384,0,5,1,244.45319841884788,186.1670545832892,1280.0,620.9199508849938
train_00379,2.859071080917939,-0.13926665436425947,1.293185462791353,2,5,1,0.0,169.42063343212476,1112.2849724242883,649.623489637341
train_00380,2.813065068676445,0.15407174546246455,7.800123926769249,3,4,2,229.87262760490339,145.3876073292956,1280.0,649.0180222930985
train_00381,3.2932994382462866,-0.2478101964038466,10.958714111288863,0,5,1,0.0,146.56406791067266,989.0056514979678,568.1898069668969
train_00382,3.1634474748211603,-0.15783236677999127,9.321081505182306,4,7,1,15.738518538803703,131.7704930382275,1074.5886029664202,571.8322312453978
train_00383,3.0337003806676437,0.2166292177621451,3.307854078584306,3,5,1,293.4935820402742,121.23179806931968,1280.0,573.3928887877406
train_00384,3.2081607400554173,0.04204460688299899,0.9684239211123469,4,7,1,154.1452312646697,130.44004223109485,1205.475020383878,550.1312613151891
train_00385,3.4887293384670115,0.22022855426026705,-11.193354941585692,1,7,1,291.1033811131062,146.57203113950848,1235.0308099184467,540.6938855721532
train_00386,2.37451586290721,0.12683690930350144,9.854454080958977,3,5,1,115.65801122467164,42.06104024527712,1280.0,672.0079202444931
train_00387,2.7341880888734567,0.04645531758249688,-6.938485437375423,3,4,3,26.01424593623804,98.68199119183788,1280.0,618.8823209879477
train_00388,2.6042761599527315,0.149881429723914,5.841108471826338,2,4,2,169.01950647916976,101.47502499476053,1280.0,650.6819535934673
train_00389,3.0963979062305795,-0.02493044599216937,4.924314624955276,2,6,2,95.68662382672237,158.10871988886586,1184.048710029173,601.7866665507784
train_00390,3.275159359686047,0.1774067559887072,-3.068523954340087,3,5,2,260.2840650617839,172.2592105108958,1280.0,584.6685779963515
train_00391,3.237271471454033,-0.0031710314667068307,-5.314045512301412,2,6,2,98.48249949113061,168.1179724279885,1130.575171130181,589.6791183627925
train_00392,3.1824554802150233,0.23649279482313362,7.867620672675056,0,6,0,348.65526611639257,162.38988016605785,1280.0,596.603867579345
train_00393,3.3941493130212828,-0.20520989101550308,-1.3044559209028073,3,4,3,0.0,180.96271822391842,962.8432843240064,574.1369859457787
train_00394,2.64384641113302,-0.2452804876698641,-12.144489660616301,1,6,0,0.0,107.98895074462641,1001.7015142526094,662.4058122480717
train_00395,2.715210062391371,-0.22038012477600805,-8.214274156217819,3,5,1,0.0,120.32840862866887,994.9469509249152,647.4815184654929
train_00396,2.0139304214126903,0.1173582643728292,9.513270807398953,3,5,0,0.0,5.722200004330373,1280.0,720.0
train_00397,3.041046501683166,-0.013379855137340857,-8.131593976228704,0,6,2,41.66928396577397,151.18500647124193,1141.7782446568083,610.1548523417135
train_00398,3.0961450726459567,-0.238543697730296,-5.5994556767728145,2,4,2,0.0,157.56631372401216,943.7799677865978,602.4360050175103
train_00399,2.2056939421153183,0.16407629019037445,7.594734029732038,1,6,0,94.95247775788393,49.49573576996782,1280.0,720.0
train_00400,2.962364222775476,0.10628224675142645,-12.94765177432263,4,5,3,118.81439364536249,140.51351957060749,1240.1992221942055,623.0630955334724
train_00401,3.289943786903225,-0.24798717992040686,-11.986046625670836,0,4,2,0.0,167.31744084311765,933.8845872339134,590.6409190171344
train_00402,2.88436087664227,-0.06958085439412759,13.897461316597923,2,8,0,63.03263777454269,132.38464937082412,1211.400393923199,632.9007167409555
train_00403,3.186614991797099,-0.15132817502185264,4.33861704563693,1,7,1,1.3323651300189,165.23298932814902,1058.8636292835217,593.1667985658671
train_00404,2.830094947677095,0.06000472033551174,3.2277929674656995,0,6,0,108.7206358746657,136.96746060401358,1280.0,627.3571830460103
train_00405,3.2718381566599386,0.09504322205108634,-5.950519992684043,4,7,1,182.18843378540663,170.05029213249048,1203.8675127174224,587.336044845982
train_00406,3.1757023993646265,0.17626681903602853,-7.819767707238858,3,5,2,227.84638342864815,161.92643239423768,1280.0,597.1627631040718
train_00407,2.197974321099053,0.21648840236204842,2.0514116631888264,2,4,0,117.7995668585988,58.10608143585127,1280.0,720.0
train_00408,2.8195343317420267,-0.1963378127095434,-0.8695612204552496,0,4,2,0.0,138.32389787247484,1052.4311308048173,625.7136469330725
train_00409,3.383868933399791,0.26920799816827473,-3.0607492834454924,2,6,0,346.19715921784734,179.2122247594441,1280.0,576.2529181801046
train_00410,2.942856044090864,0.0006293793042450591,-2.537040168737942,3,6,2,49.959249156661016,147.70435712690443,1208.37924900707,614.3664289094268
train_00411,2.8045852593341873,-0.0655610982189902,4.0288274205977,0,6,1,0.0,133.7469212935171,1206.9055578673401,631.2531489630571
train_00412,2.179164510361831,0.124740364270859,6.044988336715981,1,4,2,17.630766485664182,47.423948405631954,1280.0,720.0
train_00413,2.941299249348082,-0.0023114586389164637,0.3234563827791561,0,6,2,59.08361024329828,149.5364738924582,1219.7301469398535,612.1536383592368
train_00414,2.749415008642075,0.040131676943069905,-3.9693666642956487,2,4,3,35.08072342976462,128.3696317328503,1280.0,637.753692765786
train_00415,3.1599934298869767,0.23656105208655726,5.22361294689291,0,4,2,339.5396084631834,162.66091790357729,1280.0,596.2770825751751
train_00416,3.472120795912242,0.2724476444762565,-12.932206866817648,3,5,3,324.1468788680567,178.7524945099964,1268.8714669663395,576.8092300371162
train_00417,3.2990483449657284,0.1641164877035312,-5.679066778577658,0,5,3,242.595013333858,172.06478322891832,1257.4634939344503,584.8990643125821
train_00418,3.1767608259310123,0.14374559204005083,-7.7224801933929275,2,5,3,201.3957953942795,162.07403344115772,1256.8634046619356,596.9843026789849
train_00419,2.8875364024772243,-0.0039835944870690865,8.178397888515729,1,6,2,89.19779908584765,137.70062019916773,1258.5598179608246,626.4704029149569
train_00420,3.0986950051088997,0.027935545565853426,8.879206235362634,1,6,2,167.68616571168985,155.25495122234284,1239.9671620025606,605.2360958405458
train_00421,2.9539127592694836,0.11607648377358293,-14.712155397760064,2,5,3,122.63178132955595,138.32153361140087,1242.853447146206,625.7159592512065
train_00422,2.0021930608033665,0.09438231010559867,10.470179633367653,2,4,0,0.0,0.7323753324490401,1280.0,720.0
train_00423,3.4417775913316206,0.2835355415804353,-10.728795443850949,2,4,3,335.2116009315897,178.11165602047123,1280.0,577.5843402291845
train_00424,2.1395399575371323,0.2527646417832638,11.918624157943775,4,4,0,212.2736782907092,28.714935389203397,1280.0,720.0
train_00425,2.8711559410643988,0.0032566583164654883,4.116470400980759,3,5,3,67.39838727214149,139.9202440349999,1256.9441928592455,623.7855832019734
train_00426,2.3551576021128446,-0.14340543664583397,-5.549732537707252,3,5,1,0.0,77.64725229783399,1184.740951838935,699.1064418262931
train_00427,2.609768827863821,0.021554729454014154,13.939041667506864,1,6,0,82.01122869558695,101.87504470502387,1280.0,669.8047073857639
train_00428,2.677875615376693,-0.021992042966151648,10.574465569834459,0,7,0,33.89219498304051,113.68273971712334,1280.0,655.522543706154
train_00429,2.236423065598274,0.11163290577030915,9.791600638189493,4,6,0,53.41209268705484,51.25832884749115,1280.0,720.0
train_00430,3.0157750654836075,-0.14389992436726565,14.720298612237215,0,7,1,28.44912200773642,143.9218536747282,1122.0417495398221,618.9452838145296
train_00431,3.428144910235616,0.21276078277320182,1.6786128464516494,4,4,3,328.66907107026856,182.7455638669158,1280.0,571.9817489007044
train_00432,3.495742139195711,-0.1813497979827401,4.379606867603506,1,4,4,43.54341636011391,185.0443327154943,994.7360892630018,569.2018568102891
train_00433,2.9287648232688435,-0.15252913245285274,-6.146845110008506,3,4,2,0.0,143.26345967916893,1043.7498459197777,619.7387082219614
train_00434,3.324167861238368,-0.012581442023907319,-12.368353468229776,3,5,3,90.06445756856287,169.45140762816231,1085.4471000816968,588.0608919297109
train_00435,3.484105423642301,0.16914946010725496,-4.22663670487305,4,7,1,275.1966283539855,184.47695413738867,1229.8866062358074,569.8847044882424
train_00436,3.17215265875324,-0.09357952812607434,1.9695334514364404,2,5,3,36.91198792808606,165.9573380317625,1100.1839269128386,592.2904920468998
train_00437,2.5825719118539503,-0.19211047578127846,-5.433672980118613,1,6,0,0.0,108.34881140092662,1071.7822221941528,661.971315968181
train_00438,2.7941484379481474,0.16010530107016369,14.988172404340382,1,5,1,216.05447521678718,122.21359042391148,1280.0,645.2029537626228
train_00439,3.1460745855762666,0.268681486931793,2.270763258599878,3,4,2,348.1898442836601,163.8660805616347,1280.0,594.8192459978729
train_00440,2.5322069518477397,0.2035333513835456,10.356627070988424,1,4,2,240.308193756479,96.04119725665058,1280.0,676.8606760654684
train_00441,2.8454097301747905,0.03786533451841101,-9.352990052842312,3,6,2,39.775893386146706,132.60970614756474,1227.2880551113565,632.6250675164883
train_00442,3.0754064490362243,0.25126847238432365,10.328522593129524,2,4,2,337.41462413621554,152.29810293122256,1280.0,608.812160544803
train_00443,3.161549748229838,0.2078885325474808,10.820083997746522,0,4,2,313.2826595864913,158.7289367208912,1280.0,601.03330842739
train_00444,3.1877637874998075,0.27639726022124295,4.47540796934442,1,5,1,372.4734914110725,165.2233430487891,1280.0,593.1773757646945
train_00445,3.060774381854492,0.03718638581139022,11.688006504366964,4,7,1,180.12138993345042,150.0634415728788,1261.766992201256,611.5158241815897
train_00446,3.1804876888933653,-0.16605767161161453,2.668504673493107,1,7,0,0.0,166.02614558123193,1040.5373984624546,592.2074285121391
train_00447,3.0932464339039987,0.26927286253277255,13.460944795497088,3,5,1,337.4982951681565,121.1067135830533,1280.0,579.6197757910235
train_00448,3.2761354483025125,0.16249823554687465,2.024482644881921,1,4,3,273.1387212218538,173.7841042574662,1280.0,584.5323944412149
train_00449,2.9035830011764565,0.2526229298508476,14.025950568478066,1,5,1,304.7102641996137,146.2010556833735,1280.0,642.8212599959037
train_00450,3.1180149921529736,-0.15720244491036184,14.471389648210707,1,8,0,39.2959796082102,177.30914934317218,1093.8249298808062,632.741125029611
train_00451,2.9542801553605527,0.2778477747234374,9.649854162849294,2,5,1,348.7179784688914,170.4184767771853,1280.0,648.3696883389491
train_00452,2.6699449011466907,-0.14087253566227428,-7.5137741059416365,0,4,2,0.0,130.88806701811126,1094.326119688119,667.222685359157
train_00453,2.525721742845974,0.1722120036543962,6.612407639909048,0,4,2,182.78552786114437,94.6953030634918,1280.0,667.1524762739278
train_00454,2.5789056469301146,0.13955069669926118,14.073054753170556,3,5,1,171.8816118192433,83.10953381532885,1280.0,660.3822279835769
train_00455,3.2432104663493773,0.17323799668573164,2.3416647279939546,1,5,1,277.77168835746465,142.66961725071593,1280.0,559.0850965043451
train_00456,3.3398392589696138,0.12270278795507489,-2.0602999756241775,1,6,2,228.08094040850364,138.06327071172848,1232.8562269105757,540.2435170213594
train_00457,2.9109764384823285,-0.03947976906402212,-13.393327720182135,2,6,1,0.0,96.88656735136723,1130.0467744977282,591.5512893046907
train_00458,2.7204925961756126,-0.2418078615111007,-8.79141051229115,2,5,1,0.0,111.40168520231316,976.6333225789566,638.8015481568569
train_00459,3.465586543998898,-0.01585760931475877,-11.534732287745165,3,6,2,113.58496124011751,179.09155287649563,1062.7939454517057,576.3365178827246
train_00460,3.255618128201686,0.03854795274871303,-10.466079767293827,0,5,3,121.66017170958902,165.89008834505077,1132.4840404549982,592.3708842184128
train_00461,2.627948112401676,0.02130864718735781,11.00682041116687,3,5,1,71.50852283210988,107.34639045662992,1280.0,663.1872263229344
train_00462,2.859071435946828,-0.15861478831054746,-6.034436729783929,3,4,2,0.0,137.0104524057353,1050.4088463018352,627.3020157849513
train_00463,3.354165802008731,0.12858341947821594,0.06304410946814443,4,5,3,245.1293963852686,179.32310077373927,1241.7378697207278,576.1209350966643
train_00464,3.2006755050810285,0.10652093134561813,3.6081934304790906,0,5,3,222.58136983125596,166.76813101182674,1269.0540373726315,591.3096985223063
train_00465,3.4238822246773775,-0.030576158287172195,13.471844490848774,1,7,1,173.88891121731268,175.41988679127417,1141.8710154327732,580.8433972966906
train_00466,3.4582473175066353,0.18507643279161784,-11.214420040843809,3,6,2,262.2763830174101,178.85367940587372,1211.5531882036312,576.6858363942679
train_00467,3.251162178014006,-0.14526818400733407,12.324134571947827,0,5,3,66.36149683260832,164.35880155385846,1078.322910805089,594.2234651598466
train_00468,3.38739225013891,0.037610255686393534,-11.97028671523654,2,6,2,140.00711223690558,173.91667445915715,1107.864981883401,582.6616101016781
train_00469,3.301212901647763,0.22808147077501933,11.336806880881642,2,5,1,336.7035370420041,168.52866668842915,1280.0,589.1774822774829
train_00470,3.264269852917111,0.21494086994014455,5.545560814041803,1,4,2,334.507050609398,169.8066015989124,1280.0,587.6333803940865
train_00471,3.139239942839385,0.22031338233013537,9.63052177195381,4,4,2,325.3738870893789,157.8675846799322,1280.0,602.0752285570665
train_00472,2.427604064652143,-0.06806059755540919,-10.112777832041385,4,5,1,0.0,81.81643888889948,1219.3880346166818,694.0635074616723
train_00473,3.169745202715519,-0.17140884761313563,-8.359467689533556,1,5,1,0.0,161.088672655383,978.1459146206564,598.1770561620311
train_00474,3.0165428691364564,-0.13854985243862575,-2.7147841051337362,0,5,1,0.0,153.6357714678718,1063.4271126329893,607.1920686918447
train_00475,3.296944895166572,0.2802830134372683,5.4659919460634825,3,5,1,392.130560307441,172.06189782611128,1280.0,584.9050991391285
train_00476,3.3672731570785577,0.08842293250501448,3.034258514836015,0,6,2,228.95558087903865,178.18621464910584,1217.6807673876833,577.4972911330708
train_00477,2.335655047584963,0.06500632973798615,13.290149041740527,2,4,2,58.23101732677948,62.95610453628012,1280.0,716.8792570454895
train_00478,2.6357102009894287,-0.07411472863739954,-4.5387240218375595,2,4,2,0.0,115.58432580875495,1195.818891968493,653.2189953392334
train_00479,2.8421856758819013,0.05626352552644953,-6.519693665547091,0,6,2,64.30156204889293,134.95761633386866,1265.0258434081345,629.7849087601969
train_00480,2.722607628224459,-0.09822980766731074,-6.70550250099717,2,5,1,0.0,122.71216073874295,1134.4683509919391,644.597411812167
train_00481,3.292237400377746,-0.14331185524410187,6.332813267153753,2,6,2,41.83219234548538,171.1607908614257,1057.2362956113218,585.9961509831842
train_00482,3.2081447339502946,0.18141824667168693,3.0009990343671475,2,5,1,284.42672263584706,167.7324356510804,1280.0,590.1425309599181
train_00483,3.0211336255810726,0.13276991855556636,4.662017113873247,2,6,0,223.65255502970052,152.37134192545903,1280.0,608.7240266461043
train_00484,2.874535553620036,0.29685223805327304,9.48044103158604,2,6,0,356.28319354104923,135.31210534051598,1280.0,629.3586721915767
train_00485,3.0898248148713554,-0.16658208361423865,1.0390530463263943,3,6,0,0.0,160.6745683140689,1046.138281604376,598.6809915508305
train_00486,3.359789758257582,0.10312108557744532,0.2194456682044592,1,8,0,226.17959597036952,179.56724878910495,1220.7882165349529,575.8267239525538
train_00487,3.2609580418946,0.22589687060526625,-9.565924265879977,0,7,0,274.17773394582133,166.86587800455766,1280.0,591.1877759804139
train_00488,2.7061713091426807,0.14455133494132089,6.755599113183585,4,6,0,191.93597839463143,120.89714394629326,1280.0,646.7956161373289
train_00489,3.1443773274789537,-0.19015898579244295,5.391371078697848,2,6,0,0.0,161.37391463983718,1036.4698403003126,597.8349991512893
train_00490,2.98165196652673,-0.1666478930922595,-8.30016223843174,2,6,0,0.0,146.0390187030614,1006.9952768784498,616.3814490494916
train_00491,2.6307088522772166,0.23210612981610207,-3.8495271070541666,4,4,0,204.37171418158096,115.8284339049103,1280.0,652.922730649155
train_00492,2.8704696626696844,0.07239281715996149,-0.8334095278175049,1,4,3,109.60577610001472,144.0552762968846,1280.0,621.2883664403874
train_00493,2.7507160617390563,0.22049865281893793,-3.549923405832388,2,4,1,217.24939099065622,141.20233854695002,1280.0,649.396870754555
train_00494,2.5140048273935003,0.2923149596277039,11.785353699316289,3,5,1,303.2565062051779,119.80235283169802,1280.0,709.6960721870894
train_00495,2.731371268622161,0.07861966335761711,-9.695272003096179,0,4,3,50.21040313977451,135.26382724425946,1280.0,661.7286716001971
train_00496,3.4479917601950496,-0.0700101479679236,-13.86824044575186,1,7,1,65.94221773104991,148.90289984865157,1041.7800007555543,551.7934975738598
train_00497,3.0959886056158847,0.2700411692890992,11.760191765922261,4,5,1,344.87608458226106,119.59221353813672,1280.0,575.2985126206742
train_00498,2.786176465502029,-0.03980086197864696,5.603404640139431,1,6,2,9.395229206051567,91.75805462422123,1243.7896986218568,597.4753318684423
train_00499,2.2473252633372436,0.24413654171618254,9.360249505205076,0,4,0,232.36599626291223,21.304228155937302,1280.0,696.1707133144837
train_00500,2.5627886490137595,0.0841926511635892,8.137489900305887,4,4,2,102.17925360126422,93.6493898665564,1280.0,660.0469370026875
train_00501,2.8209235770933883,-0.01536219700335767,-10.406187056266909,0,5,2,0.0,129.2040627002547,1171.4674578542938,636.7492627239131
train_00502,2.9341966652009748,0.12043580772204782,-2.4352274468572332,0,4,2,159.41850083729847,147.0621407592032,1280.0,615.1453308280778
train_00503,2.7673771796982685,0.07061877303302838,-6.518796954897223,0,4,3,60.422663078023646,127.5725606333,1280.0,638.7166748699129
train_00504,2.746608594789877,0.06540108561403774,8.338767497910688,4,4,2,128.53405116439646,123.56658671848,1280.0,643.5654480442794
train_00505,3.459679583478792,-0.08524689806951546,-2.7073130841513287,1,6,2,83.18766000219831,183.97092236290464,1042.46535122869,570.4978514807954
train_00506,3.2528482478948617,0.10141315830098402,-10.525665219997016,0,7,1,171.1434131660532,165.65392493206804,1186.8852733405333,592.6546576279832
train_00507,3.1692893338766543,-0.254971071823402,6.707287453403428,2,4,2,0.0,162.2463695305866,983.759711877873,596.7795565418394
train_00508,2.966505187353048,-0.025949259153011772,14.318728587632368,2,7,1,106.97283690417628,139.81114539523554,1232.462535845843,623.9163972990461
train_00509,2.696416035854223,-0.2401146509654295,-9.758945731638274,0,5,1,0.0,116.63217578656644,986.029117152847,651.9525316300857
train_00510,3.2783730286050643,-0.08387120156766731,5.302995960274433,3,6,2,83.5645815387565,170.92212414342615,1103.5729422332306,586.2841399198772
train_00511,3.1078102936882646,-0.2430009178016518,7.74612014523715,0,4,2,0.0,156.8188740493226,1005.4446628303293,603.3437501515936
train_00512,2.5589332299116734,-0.09436636634378395,-11.58504000288751,3,5,1,0.0,98.03330520426756,1138.5530353228578,674.4470671707518
train_00513,3.443464895224631,-0.13690014554988592,-3.4285353072205726,3,7,1,38.132799466218614,182.57441774439738,1000.3748599274888,572.1889990627366
train_00514,3.199848645423425,0.08930789032335823,8.907286711062206,0,8,0,239.43334460971272,162.9296736530766,1268.9904649934774,595.9506992516823
train_00515,2.1987673643548398,0.1358466672538804,14.447075115695664,1,5,1,94.12852282486497,36.20903501846557,1280.0,720.0
train_00516,3.0175897043738082,-0.19124366367761875,-3.607476626523372,2,5,1,0.0,152.96889995056623,1009.6370135827772,607.9988931430884
train_00517,2.917037628913107,0.21754546471445618,11.398507395059571,1,5,1,292.5966250819216,137.64006781895756,1280.0,626.5429173283296
train_00518,2.7246194845482483,-0.007126333804708118,11.627817841906307,3,5,2,70.9838463463349,117.86150504851811,1280.0,650.4678535731306
train_00519,3.1512930774348655,0.045989404874027695,1.9503667706217414,2,4,4,153.43161123941243,164.483018907922,1222.9711851916686,594.073545701447
train_00520,2.9925698942689447,-0.15085380308957544,-4.627515376274889,3,4,2,0.0,150.0582556735064,1044.661371356025,611.5195805809545
train_00521,2.2229816783856564,0.19586269211028917,11.761856448901806,4,6,0,174.55222420030674,45.45260173847221,1280.0,720.0
train_00522,3.277806727169099,0.22164938076766078,-12.754042725690457,3,8,0,264.36216770028807,165.9854177497288,1271.198372331335,592.2528962627183
train_00523,2.48095072330041,-0.10146309448713789,-6.655286092232753,4,4,2,0.0,93.94645773830521,1191.4649786568632,679.3916393138667
train_00524,3.284883836267026,-0.03175912805172121,-11.438794438391014,3,7,1,69.44872156767822,167.31683045139624,1073.2617037320995,590.6429821302169
train_00525,3.1178584469859265,-0.289338522690639,-2.896810230835108,0,5,1,0.0,161.3173114551088,913.1268171477819,597.9006721891624
train_00526,2.83569651710725,-0.2998981707129981,-12.273133592654034,4,5,1,0.0,128.9575390570951,939.1831979997116,637.0438172296756
train_00527,3.4447568724200073,0.0825228734519986,11.70332696475187,4,6,2,255.56700912010285,177.7431968143857,1219.6318608080198,578.0330237753175
train_00528,2.3102768732748475,0.10288462246749364,13.510653899800971,2,5,1,94.1860372108102,58.326656919826426,1280.0,720.0
train_00529,3.2379664859280943,0.18995321194641934,10.329523188127574,2,4,2,310.76029517296405,164.726222952613,1280.0,593.7788023789415
train_00530,2.8215358725412014,-0.07566578372375946,-11.810333122511633,1,4,2,0.0,127.954158584623,1106.8175006702884,638.256810325426
train_00531,3.4342854824386264,-0.21921839134162033,-0.03514073692166342,4,5,2,0.0,184.14805092372268,953.6852628743659,570.2833781283299
train_00532,3.104320895469616,0.031935797342546035,-2.0156886043810616,4,4,4,114.47706851365254,161.0061421797207,1203.8972740823833,598.2762188147831
train_00533,2.581108368830999,0.060327613083246745,11.480875906760339,4,4,2,107.38208831311759,101.01857079987313,1280.0,670.840629104372
train_00534,3.3220858505144264,-0.0488011524997618,3.2698108067907903,1,6,2,111.01167181617846,175.16923717369843,1117.4800068757474,581.1471337416843
train_00535,2.410393819934167,0.27815612260785155,14.114749497363018,3,5,1,263.94750697647396,73.82678668738399,1280.0,703.7298835383729
train_00536,2.4483697024331366,0.120896586244431,10.821226383874741,4,4,2,138.79543259918216,83.89405963594291,1280.0,691.5536951228814
train_00537,3.1411625372496,0.03736812687085528,2.484188132875751,3,5,3,146.755419597512,163.34167970647445,1219.732152233395,595.4541739636181
train_00538,3.01136522830876,0.23631960082675202,1.0170841111081756,3,4,2,295.90644968507405,154.64604444797126,1280.0,605.9722704202452
train_00539,3.212457168990044,0.013637991725521381,-14.241835762365838,1,6,2,87.16026498150114,160.25154937513938,1126.5109784755803,599.1893293199435
train_00540,2.0795974992616566,-0.266037135422666,-6.990651916671169,1,4,0,0.0,25.879730377973015,1084.0176633247634,720.0
train_00541,3.4752985904360063,0.11003419719887225,-10.60714829577912,0,7,1,210.25490819788828,180.24199725630385,1151.8196214451395,575.0077882539133
train_00542,3.035892275546015,-0.1229156604230364,7.607818441354951,0,4,4,7.568269288311171,151.17502396938784,1119.3628489668206,610.1717594346234
train_00543,3.297262227806904,0.1454476415237163,1.838116583724318,1,5,3,259.77141892246254,174.53833081697508,1273.8379480882859,581.9098728257932
train_00544,3.3897272167531693,-0.06746721081480583,13.701059100354804,2,6,2,144.87456940787547,173.06892349108406,1120.0075620040755,583.687611622697
train_00545,3.448749820352993,-0.2677186846153502,7.31009898737247,1,4,2,0.0,180.53383527568843,945.0927532436403,574.6582120382207
train_00546,2.9308425434177736,0.1685549357255312,11.103542769640054,1,4,2,260.09348109074045,139.16804567511326,1280.0,624.6948009366951
train_00547,3.367229565610608,0.12277744133567264,4.428971566500017,4,6,2,264.1054326745057,177.28454476086014,1249.0772207487205,578.5878964723912
train_00548,3.4437128734640234,0.14104769161573133,-11.419385661811035,0,7,1,227.1820100796515,177.83317950945212,1177.5943575217602,577.9215521736527
train_00549,2.6427617216011017,0.03395917235719975,-11.098004096538832,4,5,2,0.0,109.00869572048772,1266.031142476031,661.1725622307326
train_00550,3.269021294135781,-0.2966129183893079,-1.0100598537126277,1,4,2,0.0,173.2815194342763,902.8860731601986,583.4282836284222
train_00551,3.2647099717917687,-0.11930710901073693,8.697245472522898,4,6,2,69.29591090301223,167.70175066614553,1087.840260406481,590.180281435027
train_00552,3.4354815764412554,0.012363772399022255,8.587747180120726,1,5,3,207.96368861650535,178.97053991015756,1162.3702841471365,576.5485898602574
train_00553,2.6238968656556327,0.022221571520345207,-12.241633381828006,1,4,2,0.0,105.47326626843639,1249.1951362532093,665.4489893938693
train_00554,3.325095108300676,0.09800068586416621,-5.06800390166093,2,6,2,195.75765283669193,174.1832984570403,1200.1814554177672,582.336572617211
train_00555,3.373898645448013,0.26699260225910254,-3.4237219564786834,4,4,2,341.8983205915404,178.36180728878145,1280.0,577.2816327255874
train_00556,3.085963412554886,-0.2851765621691827,0.5060346772020434,2,4,2,0.0,160.81055071212396,939.6241936481538,598.5168203311316
train_00557,2.77146359312702,0.005241355801628045,-0.3958587250445049,2,5,3,21.096953996091656,134.27144623761495,1266.0060080339965,630.6149024101479
train_00558,3.34742241335878,-0.18449256723979374,0.4168410038230057,0,5,2,0.0,178.6701552479713,993.1272825055166,576.9125818669575
train_00559,2.940399613963125,-0.17353111503868499,3.8854345173200073,1,6,0,0.0,146.2719988329696,1076.9843813184461,616.1028449374527
train_00560,3.2974262835689467,-0.04547432883531566,-11.882195724789895,4,7,1,60.340204885760826,167.90951890893078,1064.952635465433,589.9260894859339
train_00561,3.232428977947447,0.24659194465867257,-2.771016645126208,3,6,0,313.12521972458944,169.5894840938103,1280.0,587.8930122268054
train_00562,2.945325896938682,-0.04018497921643749,-14.493270950875761,0,6,1,0.0,137.6943425694159,1129.0681157540096,626.4750593591345
train_00563,2.7109815160519273,0.02008065828620964,-10.908556190113597,3,6,1,0.0,117.06759421203876,1232.7616648344144,651.4247433434685
train_00564,3.195155655564568,0.2096804628330073,-6.150645920604262,1,4,2,264.0287017977936,164.54781993376506,1280.0,593.9917343103605
train_00565,2.4470847548241434,0.2321868713833492,13.960961802680146,2,4,2,230.23886653732694,79.59582955015031,1280.0,696.7521242450064
train_00566,2.821288175288357,-0.24892388595033665,-8.698413279288282,2,5,1,0.0,130.84400061970553,959.8755501944529,634.7617006947337
train_00567,2.317605414382977,0.24337681820660012,10.543765540246522,1,4,2,242.01409470605347,64.08717024577055,1280.0,715.510603062726
train_00568,3.2770815836382114,0.2594219192418891,14.829391512763003,3,5,1,340.40894603830174,164.65467035281006,1280.0,593.865066692458
train_00569,2.967011770788557,-0.2561132567048699,5.150557473457475,2,4,1,0.0,147.4454111728758,1003.0127150378494,614.6836492543882
train_00570,2.535707538517734,0.10277733946803053,-7.964014537622395,2,4,2,28.659423293481012,99.44562361792774,1280.0,672.7394088762651
train_00571,2.9292736657314995,0.24007115450575306,-5.466421882988238,3,5,1,255.73240095975237,143.92144913858624,1280.0,618.9416709229847
train_00572,2.8483280118576646,-0.08130393859282245,-5.510005215110127,3,5,1,0.0,136.4968877369251,1132.673916989751,627.9233817632805
train_00573,3.3168287442619424,-0.02229097435463384,-4.2377519365920975,2,6,2,101.28926924734394,174.19510678886573,1106.6151646222443,582.322563796501
train_00574,2.730457073655037,-0.23470041822297805,4.366548122456891,0,4,0,0.0,125.98702540517779,1057.2576945042917,640.640113577098
train_00575,3.262689493007391,0.2152281932224795,-10.799949938514004,4,7,1,262.3601043635117,166.17325450994682,1280.0,592.0256516855189
train_00576,2.2946478940162955,0.14012677022666853,3.7985665522059158,0,4,2,60.19073725119043,71.05161855914447,1280.0,707.0874474683884
train_00577,3.338157776951383,0.20975236374368506,3.948794833837649,4,4,2,328.85809057112425,175.75479329655673,1280.0,580.4381742241451
train_00578,2.8683511809088413,0.16152015294150845,-8.617179414711096,0,4,2,161.4577815611446,135.50065428449702,1280.0,629.1277959172908
train_00579,2.8273909977892373,0.026081594350871096,14.961845250355552,3,5,2,118.90079400727096,125.73025473014424,1280.0,640.9496067798065
train_00580,2.9808622089236665,-0.21082020983479044,-3.2250496245980322,4,5,1,0.0,150.28653220043415,999.1256342601645,611.2435856295319
train_00581,3.0998402408193515,-0.12540050387137566,-1.0589657348864172,4,5,2,0.0,161.42866528490623,1070.466503090186,597.765511884792
train_00582,2.1358310363827475,-0.08168066515549746,-14.682249502238971,1,5,1,0.0,22.71858537181561,1256.0961478369597,720.0
train_00583,3.2719727601558,0.18392403415673902,3.4210792968038426,1,4,2,296.90712124488596,171.78685858497897,1280.0,585.2380797687235
train_00584,3.135809106910266,-0.21577758440574807,-10.223327462566232,4,5,1,0.0,157.15946523738074,960.7331575977958,602.9301025055164
train_00585,3.4230677474194673,0.09564798417178605,14.032066795125392,3,6,2,251.37182992187923,175.05527923820947,1236.6549624181207,581.28439929372
train_00586,3.4087628874048095,-0.27574810436895886,7.844171335021141,1,6,0,0.0,177.7509684296466,944.7826770616332,578.0245606953339
train_00587,2.0942917421202036,-0.0783388887315154,-13.715746774840593,1,4,1,0.0,15.422467478448585,1280.0,720.0
train_00588,2.7768278446911956,0.1748762742932946,-3.3572067015601217,3,5,1,177.0287747056416,131.74212523549969,1280.0,633.6739265093875
train_00589,3.322327971977414,-0.2760571808490614,4.455742461399236,0,6,0,0.0,174.3926203105152,940.4875701879348,582.0871028599223
train_00590,3.0556043792714336,0.012823742480130407,9.889414669609511,2,6,2,152.44831057037658,151.0072062552271,1238.7386561749477,610.3743299827626
train_00591,2.8679471523800872,0.042096091093941634,-3.7002129136751662,3,6,2,66.84777343441453,140.0362630104878,1260.3577125005052,623.6417372909079
train_00592,2.991664464365836,-0.051231788942936285,-5.093257042708473,0,6,2,5.405262617673188,149.58989635456766,1135.0754501376005,612.085853386577
train_00593,2.722274974084229,-0.012711214367950752,-8.678881468447097,1,5,1,0.0,120.6140326696497,1211.169818543293,647.1350684956192
train_00594,2.970888851210829,-0.05346047570207996,-7.689890777361915,1,6,1,0.0,145.62281548492692,1120.8093537082157,616.884561984428
train_00595,3.336196507203608,-0.21188093994895218,-10.009759010763547,1,5,1,0.0,171.7260470090762,944.626554029972,585.3098326251607
train_00596,2.7749610389572195,-0.05672621012021223,14.077310613603451,0,6,2,51.03810081837423,120.98707447933502,1248.6565659642156,646.6872511077663
train_00597,3.3177634744295545,0.13678458926861758,9.639099303660082,0,5,2,286.93752194806063,170.7320411742927,1280.0,586.514024793885
train_00598,3.230679770195746,-0.19086950887794019,4.789462501735592,2,5,2,0.0,168.0135913547116,1021.5938503514974,589.8033280010671
train_00599,2.251582552390398,0.11135469828250077,12.670558345348418,4,4,2,87.02995763145658,49.23008335928137,1280.0,720.0
train_00600,2.885893986398461,-0.16211172769273213,-3.436143517744574,0,4,2,0.0,141.90393912612808,1059.144597778266,621.3831609861461
train_00601,3.239771278383894,0.063306610716724,-9.677334470480119,4,7,1,140.56486175279005,165.286793297946,1161.8035274461704,593.0983027564272
train_00602,2.1397849487018687,0.09563556669799461,12.05954267162263,4,4,2,18.096082444386,28.492674333497845,1280.0,720.0
train_00603,2.7830663444923314,-0.07777352985073194,-13.696851499905556,4,5,1,0.0,122.19048698072491,1121.8029733981227,645.2285617330728
train_00604,2.5257767206696577,0.18277262333658645,12.235766297922854,4,4,2,210.64308062939816,92.89558459807697,1280.0,680.6655201798284
train_00605,3.3651280350132273,-0.2497094514223933,2.9487704955264142,4,6,0,0.0,178.102583344171,950.5704374533606,577.5992616231135
train_00606,2.8669807187006695,-0.22930283761130937,-14.784178426482557,1,5,1,0.0,129.88266270571938,1001.1100946289282,635.924650652715
train_00607,3.031650105166664,-0.11045897122243761,-4.131906306762277,1,4,2,0.0,153.66703643249622,1078.498741964621,607.154205394224
train_00608,2.63910738361898,0.05122211092844331,-7.1609131570957025,4,4,2,5.893869124630626,112.97418026960747,1280.0,656.3758401641903
train_00609,2.635342321150045,-0.08061354333811696,-6.7331837136003365,3,4,2,0.0,113.02283436835887,1173.8709329313497,656.3174030851178
train_00610,3.1324578509147503,-0.05206310502243816,8.513652508906127,3,5,3,99.66181503370777,158.1563769784384,1164.8388833757126,601.7266401348547
train_00611,3.2824983842353954,0.09556970947572185,7.434425852396629,3,6,2,247.4809314457337,169.77226192704364,1253.0300676210961,587.6751751242708
train_00612,3.174663890518003,0.2695471070489069,-11.991641473518728,4,4,1,291.8363737523158,158.90563767354638,1280.0,600.8166510454855
train_00613,3.2348831982761075,-0.016998803946993768,3.0073632527986405,0,5,3,120.00828499175164,169.56894414221728,1157.4559075817508,587.9214923816604
train_00614,2.096120684553966,-0.1669378532282928,-12.59880789912592,0,6,0,0.0,18.03378393347081,1166.209556021404,720.0
train_00615,3.0867420701420976,0.25841099463901557,-2.980654251434151,4,4,2,304.75867762314186,158.91865500270262,1280.0,600.8007239062879
train_00616,2.9604369717952057,-0.0366167708752585,-8.948782715819561,4,6,2,0.5713890743293604,143.64493968472684,1130.5379456548021,619.277008288994
train_00617,2.429009767563043,-0.27983438916224496,2.985447386774684,4,4,0,0.0,91.94861368723544,1059.5215366470761,681.8128557224908
train_00618,3.0476745988987863,0.06911399142212965,5.220731430365397,2,8,0,173.08842006044893,154.053728022795,1277.408641301746,606.6891146070399
train_00619,2.358884937931066,-0.29982763688722597,-10.276657174488275,2,4,0,0.0,71.12969399727632,980.7636222815918,706.9904201454369
train_00620,3.169509318464626,-0.08812340198608318,-3.145706488463814,4,8,0,20.933410332881408,164.90466954684322,1080.8371678107997,593.5607731914173
train_00621,2.300465574686334,-0.2907800865012756,6.108657733041905,0,4,0,0.0,68.22864629838075,1091.5748171474925,710.5035258529622
train_00622,2.824388980319654,0.13568322582437753,1.7734160084297415,4,6,0,174.10775420315764,137.86139298438118,1280.0,626.2756807188409
train_00623,3.444585709212629,-0.027144594804731748,-2.8813059088051194,0,6,2,125.14048022371597,156.78408626356736,1090.1485519460775,545.6123055241987
train_00624,2.3916612585079084,-0.055719224335679024,-11.806051308222703,0,4,2,0.0,75.82495266875729,1232.4290151909172,705.4460307046197
train_00625,2.75475374938084,-0.09602046334587575,-11.489730074344077,4,5,1,0.0,133.81469899261302,1100.4543155052975,658.9355581035322
train_00626,3.4350640243779127,0.2256678277458402,9.394420488191226,4,6,0,355.0307556750373,196.35327186777351,1280.0,594.9894504008395
train_00627,3.1549507891007504,0.15448397102800343,13.837161759048431,3,6,0,262.1602068078803,183.4027879303572,1280.0,631.3095116661265
train_00628,3.0223920098772696,0.23791429364752698,10.860698378238983,3,5,1,320.600506717899,161.6172352403072,1280.0,628.6436730144715
train_00629,3.01536946409765,-0.1620419168465075,-5.528079179132142,2,5,1,0.0,137.0678595279911,1025.375369630498,596.2275833471424
train_00630,2.3101679484830147,-0.178340064727036,-7.509136981591276,4,4,2,0.0,24.844886292382135,1138.5323393790281,669.8172628230498
train_00631,3.01371818731479,0.09805444699227,3.414809258272573,4,4,3,181.79143762583516,114.81718847049396,1280.0,570.8330083179078
train_00632,3.436989635701438,0.20880635745357906,-3.864103938489972,2,6,2,300.7515336158708,147.79669776987532,1273.6324485656835,539.272119814218
train_00633,2.738510566556318,0.29121679759466906,11.909993195798851,2,5,1,325.7809271877982,88.00798091756982,1280.0,618.4829267340581
train_00634,2.73620802740982,0.29063680960653265,12.480204890176719,2,5,1,322.2315455871576,93.1862290210196,1280.0,625.3341957845519
train_00635,3.1989048766699715,-0.013007954032773938,1.2230383677548105,4,7,1,107.80992783853513,159.7960721590697,1160.7965187823092,580.8731846058793
train_00636,2.5209334424925993,0.21624007829877118,8.277118915647346,3,5,1,246.96077582781257,97.1058450064699,1280.0,675.501408706601
train_00637,3.4647607928555626,0.11894674085768375,-1.1978822986070998,0,5,3,246.57024534450323,185.19698470047067,1207.4096388599557,569.0192569441152
train_00638,2.294094821205479,0.18002247494078238,7.156260419535947,3,4,2,138.9779988491233,65.5324371615943,1280.0,713.761687858629
train_00639,2.843207678107567,0.040700711523186994,-3.047942944100173,1,5,3,62.310703225987325,138.38450025671364,1268.9190282352542,625.6385015601062
train_00640,2.1818562338250556,0.220421150384482,13.893496827537422,1,5,1,175.19836640619317,33.78969689401835,1280.0,720.0
train_00641,2.8652806346404676,0.08991928986816528,1.1531476321530683,2,5,1,134.21830386045073,142.19604043703035,1280.0,621.0324714398965
train_00642,3.334448673707331,-0.07135740095229254,-6.404292703326327,1,4,4,59.18937973475998,173.9157021494837,1051.5139790290677,582.6629223851996
train_00643,3.3023864757371193,0.08434839162700086,12.857000009131799,3,7,1,236.1948231433547,167.6579128021069,1250.2275217230244,590.2311215202095
train_00644,2.9469101124887556,0.04298254432427606,10.46702315816426,0,6,1,163.98843830195005,141.16464845372022,1280.0,622.2782606856825
train_00645,3.065650227674906,0.0632309838144971,-3.136340244580488,3,6,2,129.8860778732788,157.1676613190177,1234.953401998404,602.919284391481
train_00646,3.1714610553846487,0.26326190097554697,7.436864954289742,4,5,1,367.7222535565444,161.8878452019904,1280.0,597.2121048173204
train_00647,3.448289049233742,-0.05160656347579612,-9.48341402689848,0,6,2,88.07416208413784,179.2317819931052,1033.3514065392283,576.2301498540379
train_00648,3.290553226120089,-0.10487921000611272,-0.7153577803387936,4,5,3,41.79523629057002,174.89279594666084,1060.1190211189678,581.4787403558485
train_00649,3.40228635749684,0.029127164683542817,-10.946552760256324,4,5,3,138.04874230239548,175.48415916894746,1096.530141443696,580.7632899548449
train_00650,2.6524660571306176,0.08387190538433897,1.0135239309805577,2,6,0,78.3439451231726,121.47070046696776,1280.0,646.1021801622302
train_00651,2.7224775240533217,-0.16372293321173892,-12.313379323066703,2,4,2,0.0,116.91505585167747,1056.6219838077564,651.6098780668627
train_00652,2.5486749829225666,-0.14411577363736539,-5.892812532807332,0,4,2,0.0,103.65511615122877,1130.1347686995282,667.6485285864328
train_00653,2.784974360637886,0.15497606924748336,-10.910986361529325,2,4,1,132.3286743693997,125.04513495358248,1280.0,641.7748097409427
train_00654,2.703796932866039,-0.29500973364217603,12.662651872321586,3,4,0,0.0,114.46937010685627,1033.4365385578255,654.5718540832934
train_00655,2.44941577698066,0.1595215220619826,8.938943287638413,4,5,1,169.38445563334156,86.56198903580659,1280.0,688.3265999218416
train_00656,2.346823090278738,-0.2956692089965395,-3.790683704188993,3,4,0,0.0,79.08520127888268,1010.0384978807517,697.367688900985
train_00657,3.323243102735516,-0.037736180150127085,-7.503116466864313,3,7,1,81.183486824172,144.83871229742846,1075.5251843581395,556.9085251597533
train_00658,3.2426402834619363,-0.16764454426029204,-12.62370800474896,1,6,0,0.0,164.39035233645322,995.1936552024463,596.1738897204041
train_00659,2.774915092787202,0.1799754421857941,3.3964865969661453,2,4,2,219.8199989734931,143.64278742640673,1280.0,646.1205506631218
train_00660,2.4270152820101796,0.14575613527869102,9.264259472971116,3,4,2,150.3573406515796,105.79587231264252,1280.0,715.5286524737033
train_00661,2.2820009386556075,-0.25892162837502136,-10.90127901220427,0,4,0,0.0,87.34183752371926,1032.3922957017987,720.0
train_00662,2.95533906432252,0.07063764834150921,-6.835976086451279,4,7,1,101.27263817876319,172.83445710671262,1248.2344353178364,645.2993539238076
train_00663,2.7379940210408282,-0.10761376610668572,-10.435520846478926,4,5,1,0.0,135.22454044804647,1092.9993375056229,661.7779531157125
train_00664,3.0727939133169127,0.13626424226852096,-8.015685061321337,1,6,2,176.9433047922396,139.7648112021896,1273.9869420695347,593.0200025396751
train_00665,3.4969451692483995,-0.021789319677942454,8.742741427958858,2,8,0,190.0933393583972,154.8944685204238,1128.0667511928748,544.7842183605991
train_00666,3.163479366068785,-0.25716918315056586,-0.8955967020384072,1,5,1,0.0,129.56820667454062,948.4819227835715,555.9585258268677
train_00667,3.3435484674744975,-0.1499523200813649,-3.552677744272639,0,8,0,5.462455283456364,137.79174792639768,1002.5205813866597,541.6422479677216
train_00668,2.3707432866575457,0.2967212454982561,-9.024603710882078,0,4,0,197.0945924115859,32.753783256445566,1280.0,661.6034108955855
train_00669,3.4043228699609247,-0.20483313815669307,6.847112337243388,4,6,2,16.408442371466236,143.85827914055554,996.9888337198539,543.8445733689125
train_00670,2.7813893793762645,-0.14801235579894667,4.1556003612607135,1,4,2,0.0,100.51716662437417,1133.3622520328597,603.9015596999017
train_00671,2.3539487566751496,-0.03950300965675646,-14.547968841934125,2,6,0,0.0,45.71581668883709,1241.4327264150736,697.5546441189463
train_00672,2.877045290019172,-0.06251501982296809,-7.707320002705638,0,4,2,0.0,128.3605090051887,1131.1524207633195,618.5036876428809
train_00673,2.5570979949548507,-0.24631205835019532,-10.269046314078746,0,5,1,0.0,99.36365636069122,1000.841122077509,672.8448887358697
train_00674,3.028916965633387,-0.09694674194969782,14.089551194825717,0,8,0,67.79102043963391,145.5481894341878,1158.5044728747018,616.9792960108747
train_00675,3.208288064879879,-0.03676866114204158,-9.211041028495245,3,5,3,54.87053653740979,163.33185534391092,1083.3813097578404,595.4622328818439
train_00676,3.059938968392089,0.035414874381041184,1.2820223041708267,3,5,3,123.58695520666544,158.217114303696,1231.1131210560907,601.6535479255988
train_00677,2.4129866942874547,0.19880975603467194,12.434220059341381,4,4,2,205.40930397596702,76.49182969458495,1280.0,700.5055753111512
train_00678,2.8124089282055875,-0.02755261212265575,8.277537220275267,4,6,2,47.80767655564105,130.36977101085333,1255.2925798241008,635.3377173471749
train_00679,2.5685653544998663,-0.18867942594171003,-14.438404302358345,2,5,1,0.0,95.97572273157077,1070.9878840970096,676.9364998269599
train_00680,3.164024851696908,-0.1567280650703873,6.630106880517694,4,4,4,2.878048675867788,161.91589414531055,1066.15944226681,597.1794240354645
train_00681,2.2679582000541627,-0.28123574762607056,-11.788344945303288,1,4,0,0.0,53.56871021757261,1019.6636630534863,720.0
train_00682,2.7887320439216174,0.12078841294482756,-7.321844089980658,2,4,2,111.15537111010426,128.93602673254978,1280.0,637.0707395344955
train_00683,2.983624042847069,0.25704223166302137,9.962330925454975,3,6,0,334.9586101784675,144.848716157028,1280.0,617.8213057400613
train_00684,3.2330397744000177,0.1765497462828477,-13.250999266585048,4,7,1,221.7312567448352,162.4314761269021,1238.972731644711,596.55197924383
train_00685,2.398723451744998,-0.27560810863539426,-12.888356111692676,2,5,1,0.0,73.63500733189612,1012.802706458744,703.9601532044713
train_00686,3.0877578992137833,0.01899663084148351,-9.316187606799728,4,7,1,76.45276883985794,154.05285615042322,1154.610547669436,606.687283126412
train_00687,2.9853147705878653,0.042016601377688534,13.425100336722558,4,7,0,163.72612123150404,142.2180067086036,1280.0,621.0058070752309
train_00688,3.123791536966059,-0.050889239850155865,-11.834574543025328,4,8,0,20.387874598793587,155.05672026194065,1082.6100158001518,605.4732379525037
train_00689,2.9862978215311817,0.020340286188275658,2.997471938210463,2,5,3,103.47933476353695,150.91989939243302,1241.011524481929,610.4800825556836
train_00690,3.3537274559790826,0.030048805437071502,14.905509425249868,2,8,0,197.57745197694413,169.96647379932526,1201.317032959353,587.4402330596388
train_00691,2.6185149375071863,0.07994449331129222,9.784649251222834,2,5,1,125.0192825863099,107.57750120229159,1280.0,662.9070602361911
train_00692,2.912620055385559,0.03788682168257046,-8.582155918688388,4,6,2,57.33849128760383,139.6616657839204,1215.8900437212,624.0949857975392
train_00693,3.3892203838889863,-0.14754652369018553,13.849553268940031,3,7,1,92.81961698442785,172.94892001672213,1060.1460780551242,583.8329666760363
train_00694,3.4397366463812875,-0.2998826232866349,-13.960112933153702,2,5,1,0.0,176.14256758820798,897.2532643812892,579.9677100060674
train_00695,2.8936442399356785,0.010565615304197529,14.802360286636176,2,7,1,119.16119070862337,132.53211611704648,1280.0,632.7220738188033
train_00696,3.3786681244559196,0.00676289300466959,2.1200461520081255,4,6,2,160.5449989685883,179.4808113107539,1147.9237606408763,575.9314765705841
train_00697,3.10139893081637,0.13414831604670902,8.787125829428398,1,6,0,264.10397705774903,155.53991184766738,1280.0,604.891115407514
train_00698,2.732414597560151,0.2394144580793161,6.0854368454737475,0,6,0,291.8125557603696,124.39832626802345,1280.0,642.5603111304763
train_00699,2.89284680383937,-0.1197640476940352,6.923680858688314,4,5,1,0.0,139.32059590784624,1146.9720612165127,624.5112156695442
train_00700,2.5723191657492226,0.16807314480508578,12.65614489560608,2,6,0,203.061794439879,98.54287158064419,1280.0,673.8347681181226
train_00701,3.3046797711818297,-0.16396939718270903,4.583375494810525,4,6,2,18.642662825163114,173.1567153684533,1032.6985854677962,583.5818528854743
train_00702,3.3929797486748665,0.08033226181902864,3.9658086111739905,0,8,0,230.84314803791983,179.1810235065077,1209.3855893491282,576.2939099282813
train_00703,3.456560367110553,0.15170412180631837,2.2576456155023017,0,7,1,286.85005998414374,184.05387986254556,1246.8403306586952,570.3992540282949
train_00704,2.3331284422271215,-0.12613018250598776,-3.1703278836580218,1,4,2,0.0,78.00567453525424,1230.6549907626706,698.6727785600602
train_00705,2.5042522670613057,-0.014487207361576382,7.359451141054425,4,4,0,0.0,96.11401584169289,1280.0,676.7734440256194
train_00706,3.143049379455344,-0.011446498814391304,-9.056744168431813,3,7,1,62.76790670084203,158.57019966244252,1118.1265465336162,601.22307171749
train_00707,2.9783726584687535,-0.18234041976406754,3.4799051278260578,4,4,2,0.0,149.8436465647941,1060.8338720909323,611.7824985545641
train_00708,3.0271069585249357,0.045610942347025785,-11.624103857931297,3,6,2,81.72350358513462,147.26626598440217,1176.3593527833234,614.8964475070252
train_00709,2.7067854556003375,-0.10087396856095107,7.200389550180464,1,4,2,0.0,120.48376983819857,1206.8400804245325,647.296389233147
train_00710,2.934562989286224,0.29538127694136235,5.852134309430841,0,6,0,372.7232313341939,144.0373836713124,1280.0,618.8045294729188
train_00711,2.5649100048430817,0.2436241716006175,0.803972715917677,2,4,0,230.34326669857492,111.94017533851851,1280.0,657.6297440685858
train_00712,2.406922177073567,-0.02102350895960098,13.35529446788151,0,5,0,0.0,74.30186365490306,1280.0,703.1564034195536
train_00713,2.5829677208554687,-0.13721377255179748,10.56248834271776,2,4,0,0.0,102.30987205644008,1210.314370830447,669.2793948059332
train_00714,3.29642341033993,-0.2885530056394835,11.022313285634436,3,6,0,0.0,168.38781876054853,956.4355494310915,589.350747147746
train_00715,3.355808090218782,-0.009202708899500645,2.913192256888891,0,7,1,147.59459104357532,177.54722312545402,1142.1098160183092,578.2704891968872
train_00716,2.5330671998698,-0.11860427303818721,14.879832337404249,4,4,0,0.0,90.7294220833092,1250.8114421655928,683.2866060345452
train_00717,3.3356031291181423,0.18891518260700219,-14.116023046343768,4,4,4,243.439246036057,169.17941948374735,1223.2888852135923,588.3894397520428
train_00718,3.423674627544662,-0.16465038142334742,-4.746415414547478,3,5,3,8.952245643837742,180.57358982882582,973.64406403667,574.6071989007721
train_00719,3.309052206116072,0.1119139875207602,-2.479999905744016,4,7,1,214.30457454666112,174.87792791465984,1227.0474746380614,581.496234633529
train_00720,2.2291237312532775,0.28232230385713025,12.292061806925137,2,4,0,252.41413234836023,45.71209019936221,1280.0,720.0
train_00721,2.8120307402765223,0.18006303549845615,10.877629847402044,2,6,0,255.5371884936235,127.87295203234743,1280.0,638.3574427092373
train_00722,3.0327981342204255,0.23918590183767136,12.286881462168505,3,6,0,315.57809335017595,147.25596545694225,1280.0,614.9112511042915
train_00723,3.493528700348013,0.2854661454411595,-10.645428153224644,4,4,3,341.8131265822766,181.3256392572532,1280.0,573.696553317061
train_00724,3.375668181010126,-0.10950227349483652,1.7202089428070622,0,7,1,65.02995897519313,179.55405925946573,1054.9424825357996,575.8431526091748
train_00725,3.1481525188537773,0.22807914006514557,-2.578795337409634,3,5,1,288.19314678999376,163.79825569212576,1280.0,594.8983055280306
train_00726,2.4550221574642266,0.14736583799318304,9.650955474554767,2,6,0,162.27402133007573,86.40161133357628,1280.0,688.520606572178
train_00727,3.143671225599448,0.06718895860141444,-6.994121609865614,4,5,3,134.27150776589122,160.13773045714626,1200.680629625017,599.3266899977498
train_00728,2.9185430321571753,0.05781641557298245,-8.07262867226201,0,6,2,78.1744439797734,140.65096842723756,1237.214370369893,622.8982492230926
train_00729,2.538892001801827,0.11288477083962967,-0.7019333986744378,4,5,1,70.89682599610974,109.04034377965561,1280.0,661.1337287690792
train_00730,3.2692073539426003,-0.01874190101614992,4.487056592246756,1,6,2,132.33033325064198,170.86317175755812,1155.0617445253602,586.3558988890352
train_00731,3.2781941486983777,-0.005132641760199175,-10.87461832975156,1,6,2,90.23202963054871,167.2122547315239,1088.6950518238932,590.7694001573409
train_00732,3.4252970637348743,-0.1664674725724757,5.140172613019516,1,7,1,44.67240736497985,180.42121949764226,1017.2273585339349,574.7942464045776
train_00733,3.136664884588444,-0.26031820545906637,12.813096185333816,3,4,0,0.0,155.38680988125805,1002.5140211170861,605.0772662667846
train_00734,3.300693503957905,-0.006034260893481858,-5.253131195878632,3,7,1,108.0895147218989,172.4564352566413,1117.4395676663162,584.4257148769723
train_00735,3.331380373762367,-0.04346659002512654,8.286441573908835,4,8,0,143.67390712414206,172.49967373420517,1136.081645147713,584.3762748710398
train_00736,3.1029976698494908,-0.07177549874692749,-5.613075257655076,4,8,0,12.091059843021839,158.08785787839744,1092.5377954682474,601.8066035792937
train_00737,3.4087086998947096,0.04316067066999879,1.0847815555104319,0,8,0,189.53195482271326,181.96342037745512,1167.434660150614,572.9282850337275
train_00738,2.780973636835623,-0.02903424446180275,9.810303049780494,0,8,0,48.78038164327329,125.69633315224215,1265.5608008107574,640.9909602227768
train_00739,3.316669907374341,-0.1525670102892698,1.1360743035997096,0,7,1,15.60424699130003,176.25722972451186,1026.054526416588,579.8313219892216
train_00740,2.8365514247201142,0.009676009856879109,3.9194565927816107,0,7,1,64.26300631860173,136.90134444580048,1271.1082133942357,627.437288540086
train_00741,2.6920207459459444,-0.04652269052973512,3.3940283773167756,0,5,1,0.0,123.01501056001301,1251.4862953309216,644.2345263948686
train_00742,3.034929437752474,0.24220538798975771,-1.0926314078509431,3,6,0,293.02624154635424,156.46226332364824,1280.0,603.7720307135852
train_00743,3.4067636865488593,0.11766848510387734,-10.940799774289122,3,8,0,205.7400539203116,175.77571634554286,1168.3019705036359,580.4103962316117
train_00744,2.4851913986826597,-0.2850527323236529,-1.3895779273698938,1,4,0,0.0,101.54163985200337,1014.6527245918992,670.2052719663772
train_00745,3.3238226710410776,-0.24589220322631766,-5.2777565959727575,1,6,0,0.0,173.95607231640324,915.1939735953523,582.6122747604401
train_00746,3.0775620795778447,-0.2258734698987399,-11.575051835277668,3,6,0,0.0,151.5184407144139,965.8508507024891,609.7536871962617
train_00747,2.9511086273522307,-0.24881607357941282,6.2183735633091715,4,5,0,0.0,145.15355677814523,1016.3352808988521,617.455901494642
train_00748,2.9181088017272265,-0.20406019816393278,1.5103765682742747,0,6,0,0.0,146.49012598475952,1041.3206388170156,615.8391302497486
train_00749,3.1523904856765825,0.24735166729327945,1.9647473554250716,1,6,0,328.58490233090555,164.55493842257582,1280.0,593.986033956405
train_00750,2.243186144554822,-0.21323557565122803,8.07470389724839,0,4,0,0.0,55.35586275442276,1210.1089923811846,720.0
train_00751,2.629372536853651,-0.11428901673781092,8.058912670828278,3,6,0,0.0,110.81454203921137,1215.0937522501556,658.9922650804488
train_00752,2.4331708061671202,-0.19158238418003634,11.956257402502974,1,4,0,0.0,80.14843477486804,1194.2712158457396,696.0853434233665
train_00753,3.2831165846285475,0.026100695762580117,-14.827483533028383,3,8,0,108.965475109963,165.06702226149727,1127.8147531587983,593.3643665903545
train_00754,2.356817531029215,0.05331739631058552,-0.7286403059053832,3,4,0,0.0,85.2743251729967,1280.0,689.8803100980047
train_00755,2.662813042246605,0.06072993993804798,-14.802809302945475,4,8,0,5.907107950116028,107.4646777278933,1259.2639392054682,663.0401939728955
train_00756,2.417169406485923,0.07718125532961773,9.603641739171557,1,6,0,65.11341970521975,80.9992681162434,1280.0,695.05531036952
train_00757,2.0733781999145444,-0.2110462990921858,4.598306346465609,0,4,0,0.0,29.572470261542353,1253.706965126416,720.0
train_00758,2.2180616243239037,-0.2805407449588334,2.342781462821609,4,4,0,0.0,60.990255504796835,1103.346877941474,719.2587552730039
train_00759,2.4476623199631766,0.25223081896172167,-13.529059117536029,3,4,0,151.64699801075182,80.21307103423756,1280.0,696.0017979851203
train_00760,3.490602770949696,-0.20319886354167543,-6.46858365585884,4,7,0,0.0,183.52848355602563,926.3346656514368,571.032924858435
train_00761,2.8584238825810058,0.03730631848016053,13.988797915429881,4,6,0,137.83436641854863,129.74277331431358,1280.0,636.0960349830949
train_00762,2.5402829713912287,-0.27849597442242674,8.05535949005808,2,4,0,0.0,99.9021694893488,1063.4293202572687,672.1922632455781
train_00763,2.552854138212611,-0.07263638904572395,-12.969999665370139,3,6,0,0.0,95.6048809520353,1160.7978935755343,677.3857825246488
train_00764,3.264964445126851,-0.2610444800876109,-0.8754946735771476,0,6,0,0.0,173.11035535042242,933.5203309685066,583.6352420493046
train_00765,3.0419291577422016,-0.13534887434895995,0.8115820021386231,4,6,0,0.0,157.21083829241533,1080.4212602341502,602.8707938824635
train_00766,2.3147680539171716,-0.17456941181993305,-13.254462381608288,4,6,0,0.0,59.43992277803497,1118.4914521211126,720.0
train_00767,3.094592779644019,0.07738715944713326,14.615677912757484,3,7,0,197.92779113324536,150.72652393093384,1280.0,610.7135507530425
train_00768,3.0861112068070575,0.06286681264888494,8.645545315655713,2,8,0,195.75784873215576,154.43399617624993,1271.909365310544,606.2290646568925
train_00769,2.6405804076289154,0.20867878191093453,-7.210198821412499,4,4,0,167.3660265456686,113.09294412732947,1280.0,656.2316790903642
train_00770,3.4925365033363267,-0.08768799337548597,-11.108605873370923,4,8,0,66.00707092818936,181.00217268025423,1013.4741894579381,574.0887162264798
train_00771,2.7445953881707688,0.13751084639962435,-0.0677665712301927,1,6,0,149.50397613558545,132.00894033518085,1280.0,633.351222752986
train_00772,3.3254955218293416,-0.16036701630687536,-6.285358075963485,1,7,0,0.0,173.40499523335663,979.7272641519739,583.2786952534316
train_00773,2.002371375838747,-0.28560792148909436,3.763822271689598,0,4,0,0.0,16.128896583510496,1167.815450214826,720.0
train_00774,3.106202563435619,-0.17560149818853582,3.4592398253799246,3,6,0,0.0,159.99236261626513,1046.7102153579904,599.5061918728793
train_00775,2.6210617092865576,-0.09972464583970589,1.8124651475347946,1,6,0,0.0,117.09864985984233,1207.7874051559436,651.391167085322
train_00776,2.016945901967045,-0.17928771664194587,-6.551198902483842,0,4,0,0.0,13.086527970254354,1241.1123828243283,720.0
train_00777,2.4616588238658457,0.004013776257605517,-5.282284818507897,0,4,0,0.0,93.20734168391854,1280.0,680.2852328049846
train_00778,2.170755144422901,-0.10003026571261175,-3.118520217151202,4,4,0,0.0,51.359109554185494,1280.0,720.0
train_00779,2.923990014494726,-0.28252957091312364,-9.731127352860067,2,6,0,0.0,139.6931217526841,930.9336112970495,624.0578897446944
train_00780,3.250737950257251,0.25336785915109344,-0.6267517992489697,3,6,0,330.966799793895,172.3565246041312,1280.0,584.5458433495667
train_00781,3.195881575743387,0.08739133239874491,-0.5551343063891796,3,8,0,184.74194169242665,168.6958605351161,1238.7522060678825,588.974323803813
train_00782,3.3380874901848774,0.022180526983418714,-4.946710363968446,3,8,0,138.09665614689726,175.10243110788488,1135.9606659173578,581.224931926094
train_00783,3.3916849651476513,-0.26638662888807474,0.6321967317187198,4,6,0,0.0,181.22928651121612,924.1244380318005,573.8170724610652
train_00784,3.0874462315238747,-0.11069829513798415,1.07656427146161,1,7,0,0.0,160.46771720428194,1095.7886394627828,598.9310616737704
train_00785,2.8660964632648227,-0.10096842438190287,12.48559353233042,2,8,0,17.042262151271714,131.813364745026,1184.5310979494552,633.5918846456808
train_00786,2.0993195619763427,-0.21041705632004135,10.222174606734473,2,4,0,0.0,23.482653400490314,1267.7605876516154,720.0
train_00787,3.4754281532977607,0.07590650856915038,10.272173248075578,4,8,0,261.05957183774876,180.4431360812255,1206.615142994539,574.7670589189216
train_00788,2.9085336333837315,-0.18757265391115008,-11.494660854802948,2,6,0,0.0,136.74052146815112,1010.6271477543891,627.6291501127969
train_00789,3.0578992760682793,-0.11130036096346371,-14.05115352463035,3,6,0,0.0,148.04160659812496,1060.1337825932183,613.9590849173259
train_00790,2.1301966774879517,0.22622923957247548,-3.8524926933855586,2,4,0,71.38151019689076,42.43762925443431,1280.0,720.0
train_00791,2.324209818897028,-0.11860902082169322,-11.63306183199234,0,6,0,0.0,63.49012385593514,1172.051661976876,716.2300694791713
train_00792,3.1666855871911914,0.24801230770023514,-1.6867772103857934,0,6,0,311.6855378708909,165.8064566597731,1280.0,592.4690583578631
train_00793,3.1985379176139443,0.24297348037386374,-10.377666684192791,2,6,0,277.7198818276884,161.81336135663705,1280.0,597.2994248745673
train_00794,3.385455151835143,0.13946464005356618,0.70883884512455,2,8,0,260.93232015076455,180.81011470141735,1246.3513667434304,574.3231805939885
train_00795,2.2149425719247913,0.2230793912630597,9.664155538888302,4,4,0,199.7814382464675,47.56065845652409,1280.0,720.0
train_00796,3.0150759331068433,-0.2203697061306815,6.737118967597009,3,6,0,0.0,150.15741653146958,1034.353271837991,611.4029802186703
train_00797,2.581382323581845,0.21888612146233705,-11.52492038813758,2,4,0,151.06484345632694,100.99366812809161,1280.0,670.8666718385571
train_00798,3.3985060160312424,0.11223139843996172,2.8286274236161475,0,8,0,251.30151510229587,180.24050823055353,1229.595250336925,575.012237445588
train_00799,2.499934630098297,0.23351152559879312,-11.906915116180993,2,4,0,147.49937102826686,89.75787248333918,1280.0,684.4569506925408
train_00800,2.4813205547692867,-0.1844726162259249,-6.700513839958058,2,6,0,0.0,93.9330851301703,1092.7378064515297,679.408104625101
train_00801,3.1591806461041676,0.10267442517422515,-6.820373799803692,1,8,0,167.2702141405972,161.42706506592015,1229.700155339932,597.7669793462185
train_00802,2.410455328760226,-0.29084596950576586,3.6883488803265436,4,4,0,0.0,88.3911735527832,1054.5787191497257,686.1158511624005
train_00803,2.1535629392405307,0.025517228321663143,1.4809697088192948,2,4,0,0.0,51.32996356801363,1280.0,720.0
train_00804,2.6654714575118517,-0.221955598761174,-0.8779326297434267,0,6,0,0.0,123.0370539133047,1053.9949378595966,644.2046593165518
train_00805,2.158890378291901,-0.2677200745666642,-2.20602764369918,1,4,0,0.0,50.93827076282561,1103.4542026570105,720.0
train_00806,3.05701639051871,0.23476553675274342,3.884120695927976,3,6,0,317.3669130023711,155.87733121886453,1280.0,604.4828060834811
train_00807,2.924473006527397,-0.11253560930938084,9.523259371104942,4,8,0,0.505714495543188,139.9244542707398,1155.1603924539445,623.7806871379139
train_00808,2.1178184111455294,0.25367039481882564,7.932848512909267,4,4,0,199.35732556168097,31.921058297396677,1280.0,720.0
train_00809,2.197692920560943,0.18771061063863553,12.5906712633221,3,6,0,156.25806056652095,39.19876132885931,1280.0,720.0
train_00810,2.7058188121582667,0.2684689621200909,-10.688349486642421,4,4,0,227.2205384269157,116.72626531976954,1280.0,651.8368113592991
train_00811,2.3870791485107867,-0.08193039271797131,-9.49940785029204,2,6,0,0.0,76.63583122162002,1219.9198487019084,700.3296981889144
train_00812,3.1831680595218197,0.22944233413678888,-1.401507969012842,0,6,0,299.2807926387072,167.18362077837827,1280.0,590.803239479965
train_00813,2.098047798223805,-0.23226776561987034,-0.6404374253954721,1,4,0,0.0,42.749106597267854,1183.155281059867,720.0
train_00814,2.4233860533826967,-0.09083073465031283,2.2403477417068167,4,6,0,0.0,92.25067146393944,1276.071623365559,681.4468534965802
train_00815,2.154398315463431,0.19053173533502105,8.902733200858822,2,5,0,128.59289437968704,37.38187271565711,1280.0,720.0
train_00816,2.834224790142306,-0.2574456060271072,-5.936456203592073,3,6,0,0.0,134.74484172679402,956.4574430089917,630.0431899063037
train_00817,2.6012247121766503,-0.05193485659997785,3.6262451656962327,4,6,0,0.0,112.6980210318663,1271.8615131979805,656.7139462672981
train_00818,3.2208735573372973,0.05458211942530489,8.52941929851589,3,8,0,209.963365438239,164.71649648018212,1235.3973522698695,593.7909556755899
train_00819,2.850816791362987,-0.09467949921849275,5.823994704221409,1,7,0,0.0,136.42314935437915,1175.3150811518217,628.0159797432689
train_00820,2.993918385389505,-0.253263358446805,12.925897772291783,4,4,0,0.0,143.36875214635515,1028.0205708389221,619.6146896824863
train_00821,3.255122290774773,-0.23140628371165783,2.882264806980288,2,6,0,0.0,171.0255674194057,977.2901904177911,586.1600137778611
train_00822,2.832631551820642,0.1932138313884268,-9.714779933981065,3,5,0,180.8678160776396,131.02131738634355,1280.0,634.5459224816373
train_00823,2.1044114522441384,-0.2347532196990758,9.422001599462046,3,4,0,0.0,26.160686612539102,1231.4287092080665,720.0
train_00824,3.225550384881907,0.2323569219444746,12.097680141401703,0,6,0,329.61839020838573,162.65026251831924,1280.0,596.2898216623041
train_00825,3.1356165760762096,0.0965288362617035,-1.410767391788406,2,8,0,178.6873711164435,163.7839743898233,1256.4377464891447,594.9158941529261
train_00826,2.58497399034618,0.046758848937569986,-9.130001394675299,2,5,0,0.0,104.2357656881186,1280.0,666.9456506972476
train_00827,2.44960300144117,0.17660799583734982,5.386767827991424,3,6,0,160.69567347387945,91.42028210872972,1280.0,682.4502368466503
train_00828,3.0766868328591466,0.2490707487356571,14.7086776992576,4,6,0,315.70783090200496,149.17399132106425,1280.0,612.5910643891477
train_00829,2.0121788786145753,0.291852989094364,-2.874077518067491,1,4,0,131.17850249928708,20.42229838067698,1280.0,720.0
train_00830,3.2787577691769374,-0.26255366488148474,12.032270852227164,0,6,0,0.0,166.51229024235835,981.5569252171135,591.6193970835217
train_00831,3.2918717594691653,0.21940778209798667,-7.942764886085207,4,7,0,277.9570587006504,170.07777772435898,1280.0,587.3025321912198
train_00832,2.591402485503416,-0.10912361422878361,-3.516311554752443,3,6,0,0.0,111.71162191668338,1175.363158342823,657.9034196810711
train_00833,2.6527850726073843,-0.17327035518368683,-9.797696812107098,1,6,0,0.0,111.60928483251892,1044.0428863394684,658.0275911241606
train_00834,2.2314009363405876,0.2984736258062825,5.101982457686027,1,4,0,262.0501294973992,58.43947120974401,1280.0,720.0
train_00835,2.9868900452189346,0.28498501624264255,-10.92672763362599,1,4,0,284.2042901406729,144.34498045972367,1280.0,618.4293765028177
train_00836,2.9633643493720325,-0.05048672023347281,-1.3191403686443426,4,8,0,12.554531528526098,150.50663265318937,1162.1896959222688,610.9768672263499
train_00837,3.395466518689366,0.07394908895998015,-1.368169223647957,3,8,0,201.27373038031158,181.00471693772624,1184.2833245868615,574.0850634065895
train_00838,2.8280750455715293,-0.029972539612436122,-4.340783083645796,1,7,0,0.0,135.7073373044102,1195.4698667543307,628.8782445529024
train_00839,2.6371577859435966,-0.2955420051011212,-0.055291090874998616,1,4,0,0.0,120.95533985784574,986.0768985008201,646.722887700693
train_00840,3.0681949984475465,-0.13844973112268238,12.796933549530713,4,8,0,34.2826654237458,149.8486598548631,1113.9802053049484,611.7760837037566
train_00841,2.5504550378784003,0.2869400696659015,2.044487331047982,2,4,0,284.2152110317302,108.6857410391252,1280.0,661.5660885618676
train_00842,3.0952782042096536,0.01584483228733724,10.780519764945293,2,7,1,168.8576570414628,153.56152012096211,1234.542069875833,607.284515645258
train_00843,2.697404490973237,-0.2530592388360644,11.697464349136634,0,4,0,0.0,114.73020570277764,1072.5935535122435,654.2562435618435
train_00844,2.3678469561686915,0.07839770946660385,4.912108174058282,0,6,0,13.94439650405019,80.49236722954012,1280.0,695.6685824742387
train_00845,3.026111028719928,0.02351832746609256,2.388853202573891,4,8,0,111.54632768909444,154.65876492481607,1232.4556561549375,605.9574254631043
train_00846,2.6810521577968793,0.2436330488438862,2.218959048497947,2,6,0,260.5980693548347,123.16101212618871,1280.0,644.0570529660023
train_00847,2.631524160723178,0.2763487814862751,8.946696660209732,2,6,0,319.8571896696197,110.07839789766913,1280.0,659.8813943881361
train_00848,2.2512622442319197,0.11703069771616686,2.929095569869567,2,6,0,9.46911974676766,65.5168365366322,1280.0,713.7821142739937
train_00849,3.0904575711304867,0.03822376397450178,-13.157467105396082,3,8,0,85.38786075759539,151.41450128765248,1155.7219113763838,609.8787364020086
train_00850,2.8672116305948707,0.04371599727103059,4.689596591226344,2,7,0,109.50836175439917,139.02217216925055,1280.0,624.871778602213
train_00851,3.2133436695193507,0.07459020328803989,-6.395530368813832,0,8,0,154.51818477811264,165.67232595361827,1195.9653237259324,592.6318462404055
train_00852,2.190232003170208,-0.2538826442445282,8.512884664054692,2,4,0,0.0,44.96963840083663,1176.7126322073725,720.0
train_00853,3.1121437487551873,0.06229292381382212,12.303944660373801,1,8,0,201.1648581215925,153.8042101778713,1272.252069122955,606.9907848840567
train_00854,2.988733460530488,-0.0781399020202129,-9.738019050377776,1,6,0,0.0,145.46579343057746,1079.8513298952496,617.0746193355378
train_00855,2.7273777706266475,0.17962320384706038,10.860432840829457,2,6,0,244.59056414791306,118.94471001837718,1280.0,649.1570463116153
train_00856,3.476107486535625,0.2804073802161376,2.8663227559496107,1,6,0,392.3083283180157,184.81999846005118,1280.0,569.4721998612717
train_00857,3.256421329408306,0.1516567781280826,-2.6115637040806288,3,8,0,238.57687003243052,171.3248790783694,1270.8232109015075,585.7940483089808
train_00858,2.3569211586639356,-0.03588899496496134,4.12723999484254,1,4,0,0.0,80.05504934177678,1280.0,696.197985520387
train_00859,2.8666360907371464,0.20509982114319075,-13.37022640356546,2,4,0,188.2053572662369,131.08346679476708,1280.0,634.4708159571722
train_00860,3.1332258971728124,-0.23040338135127786,-9.97198809742594,3,6,0,0.0,157.14152160692265,949.8159470439606,602.9518401746252
train_00861,2.7143479135040245,-0.014240255596560836,13.447553236580159,4,6,1,75.48603583328223,114.88867724516797,1280.0,654.0637367388294
train_00862,2.3504919675715357,0.11010597514632853,-3.2978854012661643,2,4,0,0.0,80.40604571563513,1280.0,695.7685693034501
train_00863,2.573006142062993,-0.11058682518409471,0.9076026863328295,0,4,2,0.0,114.12326135543229,1205.5249547289568,658.0959941128156
train_00864,2.9157283520479726,0.09123955454687327,-6.82228215002252,2,7,1,112.46987189514165,161.34107436595593,1278.8623666736387,641.6851662793094
train_00865,2.6916628901640065,0.10517467148195614,-7.746090948362624,4,4,2,72.20554324080958,147.3187342938631,1280.0,678.8313425160073
train_00866,3.1557459294228893,0.01197139324578611,5.331544806870443,1,7,1,142.41138183485907,176.09886158271343,1204.8105538819623,610.4656665498925
train_00867,2.469904741804442,-0.2936532064998067,-14.745715000102782,0,4,2,0.0,76.68039390831308,998.3583658797896,688.8078494569905
train_00868,2.0355507092855563,-0.2448352304538403,13.155164031864384,1,4,0,0.0,0.0,1253.9302912039861,720.0
train_00869,3.4257334388723777,0.0828497310956871,6.2422531748850645,0,6,2,248.85268403289865,147.10843443884124,1212.8850810263916,543.3073592260321
train_00870,3.204800098767491,-0.18913883017300834,-11.674647399264508,1,6,0,0.0,122.3890635297823,979.7387700845104,559.4254223210974
train_00871,3.384043086267047,-0.13416986270535383,-2.1904980334144515,2,5,3,30.81138399284299,140.7917092558118,1017.2203862542187,537.0947191959597
train_00872,2.574198503664774,-0.10040715785641119,-13.19824056515725,2,4,2,0.0,61.85722326967147,1136.625694906399,638.9382524939477
train_00873,2.9154528274309013,-0.19293469796113744,-0.23828116615925943,1,4,2,0.0,122.86844783758067,1043.8324653460218,590.4816782877872
train_00874,2.810948235191859,-0.041247854150594065,3.4189887292693903,0,6,2,3.3153947574393783,117.46858554888959,1227.3394036405334,612.5986772403596
train_00875,3.3689138342616896,0.12924019065050596,-11.901386521415212,0,5,3,206.8008059459674,164.18154257010733,1179.3671640813475,575.6221733890737
train_00876,2.105618490703529,0.1365270908948616,8.317114959481817,0,5,1,27.151672294877542,28.598934318416216,1280.0,720.0
train_00877,3.344768589336813,-0.21068743473500615,4.210058078363755,0,6,1,0.0,176.00038748349314,988.9639084762543,580.1440964782796
train_00878,2.9969087547490427,-0.14013811133083343,6.001655980161768,3,5,1,0.0,149.25393640153936,1105.6880832108222,612.4967461993413
train_00879,2.8619603775855573,0.009229801778222524,13.197332196904114,3,6,1,121.83498046728033,130.78668181855122,1280.0,634.8362922435168
train_00880,2.7172091391242033,-0.057652348977107665,6.833022634894483,0,6,1,0.0,121.99766819272854,1246.0084522611805,645.4666390509069
train_00881,3.022753603415505,-0.059631120911860486,3.9681757979875343,0,7,1,42.78495666965611,153.07433865008736,1164.9740970489852,607.8746416517716
train_00882,3.34469104677552,0.0783702344693657,-4.222166354990705,0,5,3,186.14883689449022,176.00136918238977,1184.42045625485,580.1369261774745
train_00883,3.327821231999896,-0.03720975040499491,-9.316065131140586,0,5,3,77.5716118273133,171.6070249527096,1063.4115357759483,585.4522232193449
train_00884,2.2896390783641256,0.13184342084698475,2.788362854380562,3,4,2,40.74132430307522,71.91314818227718,1280.0,706.0456103172999
train_00885,2.583151300210423,0.1756435031021477,4.302229130505964,3,5,1,182.30176902777862,109.78050488401101,1280.0,660.2415655721949
train_00886,2.8009100701468492,0.20055017536183334,-1.520781673511685,0,4,2,215.73326574197432,135.93454601491857,1280.0,628.6011108751553
train_00887,2.6875555471340915,0.10684669406801472,11.227661789185117,1,5,1,180.17040249631032,114.10635264159254,1280.0,655.0085793598255
train_00888,3.1115772490875315,-0.160208604075838,-12.838995820981786,1,4,2,0.0,153.35824561321738,1013.8337056430325,607.5303097950592
train_00889,2.948992182127662,0.24279741037191743,9.622176690480956,0,6,0,323.27165064815233,142.0677632864282,1280.0,621.1870762147638
train_00890,3.2066802963909633,-0.04427312163706232,9.345630892193899,3,8,0,126.4764096437586,163.12311700375244,1159.7374239184307,595.7186154444387
train_00891,2.486352411517528,0.2855119616572039,2.279010313574549,1,4,0,273.0726876877055,100.48062256095582,1280.0,671.4908284950602
train_00892,2.8896278795612713,-0.09869776339878789,-11.377635313445325,1,4,2,0.0,135.05222245916218,1077.497295514891,629.6710595416585
train_00893,3.1363251292909045,-0.1991694881187568,-3.902179698629439,1,5,1,0.0,161.913569360923,984.4383083000968,597.1792070457146
train_00894,3.1865784434307374,0.0793167678077884,-3.716068317518763,1,6,2,163.25674650931,165.70379347614394,1219.5445549126632,592.5937124971828
train_00895,3.389205434424518,0.12404474907408258,2.8119157001931505,2,8,0,259.44524847259675,179.68370524469157,1240.6435995045117,575.6857538653094
train_00896,2.624333363326306,0.1844470819484027,8.17688125580828,1,5,1,230.02820069718376,110.09710786971077,1280.0,659.8590863590704
train_00897,3.479905287141342,0.2860748876438312,3.567628196306817,4,6,0,400.88064699637783,184.6186521608273,1280.0,569.7157355539451
train_00898,2.761311134911434,-0.021470395757267113,3.7939273549602532,1,7,1,12.725589845048404,129.729679155403,1259.9019645774113,636.1123305154802
train_00899,2.9672912548951027,-0.1289612879920464,-1.9598507319282508,2,5,1,0.0,150.26541369901722,1084.944677634627,611.2688787391347
train_00900,2.92522902568974,0.2340477560091377,-1.405571167919602,0,5,1,268.5982426523353,147.2292976400076,1280.0,614.9403931847719
train_00901,2.7275920940366056,-0.2303609487226926,11.85237524702396,3,4,0,0.0,117.95873909969771,1089.5241790605407,650.3509395321269
train_00902,3.1066217990137126,0.22193178176860134,-3.73402836366777,1,5,1,272.2789641875123,159.83181450035744,1280.0,599.6962566530746
train_00903,3.46333383697675,-0.17867346553851066,-11.183647059181054,4,6,1,0.0,179.17909989865436,960.0949332813966,576.2942143898267
train_00904,2.9054539742706877,0.17372817901327636,4.139976416400103,4,5,1,240.087236046736,142.9934537669182,1280.0,620.0676750119314
train_00905,3.35836715068596,0.04687286751032993,1.582669136301579,1,7,1,187.04550707165288,178.57997241052783,1181.3231185774584,577.021103395003
train_00906,2.8873713069426525,0.20219341574354283,-6.624873649812374,3,4,2,209.47966260032155,139.10258592990309,1280.0,624.7707266663294
train_00907,3.104268288678659,-0.15200749375895514,-5.181121580098111,4,4,2,0.0,158.51836996569878,1023.0230024125404,601.2860462982909
train_00908,2.3336099150608027,0.2564878087868017,13.387570637979291,4,6,0,237.84279678442033,62.479625326657775,1280.0,717.454826151665
train_00909,3.3473776914746787,-0.049336887984645195,-13.673274135576484,3,5,3,64.15039754747767,170.24219654859508,1064.9105164024206,587.1044456059998
train_00910,3.1002144526907025,0.0025297971082652304,-2.229070693748806,3,6,2,87.20794259556918,160.52933444069419,1177.6882943284222,598.8530595919864
train_00911,2.718904008824935,0.17881050868326498,9.638739622682156,3,5,1,249.9455844645933,119.2622236770985,1280.0,648.7730217737839
train_00912,3.286883166846418,0.14837201796618155,-14.267595788146382,3,5,3,205.2890955872274,165.6826802507976,1205.321146581398,592.6193210852445
train_00913,2.6956409637462535,-0.21682565119475558,6.094046698218666,1,4,0,0.0,120.45688215539182,1089.2218289058844,647.3293061949211
train_00914,3.1847880691835857,-0.07774772363836638,-1.0711263782004892,0,7,1,40.56072608808208,167.53838844849201,1097.7928397650421,590.3748671525188
train_00915,3.2905739764940556,-0.25758084482753607,11.803033208269767,2,6,0,0.0,167.4870902205651,983.4964134194147,590.4402206285694
train_00916,2.7963804904302303,-0.12204601127250977,7.586640328866846,4,6,0,0.0,129.4329092237199,1167.0365343938938,636.4715116111911
train_00917,2.813652659675807,0.17668725195741541,8.630755324214363,0,6,0,259.3005748523381,130.16082419326875,1280.0,635.5900913649808
train_00918,2.930682818005017,-0.09858319430458198,12.967297968598828,4,8,0,39.87201156346494,137.58990738398168,1174.2530094782603,626.6044673733286
train_00919,3.417983344681607,0.10479177995319894,11.639337178668956,0,8,0,267.1403079583343,176.09021792843194,1241.232803809935,580.032512516524
train_00920,2.5744324926166704,-0.020788274917900085,-13.773769952601684,2,4,2,0.0,97.5070953329764,1204.5505226846394,675.084787847882
train_00921,3.1060700968557735,0.15136628410273506,11.133941477336819,1,6,0,267.61091650645017,154.1688542376739,1280.0,606.5494894250769
train_00922,3.1297602475995205,0.15653154205726333,-5.386085505922512,2,6,1,212.91822267984088,160.30085028049484,1280.0,599.1291063546987
train_00923,2.7052457747216367,0.019142687372751266,9.761370539558406,2,6,0,79.79482625369847,117.62528557249478,1280.0,650.7535562236889
train_00924,2.677967573936484,-0.07911248892588679,5.199194389290803,0,6,0,0.0,119.51431455433901,1228.9203354487765,648.4690288999336
train_00925,3.346918789805604,-0.12697638738934772,13.698807897481466,0,8,0,100.49931698248137,170.2081105905167,1081.3273284646893,587.1483558540003
train_00926,3.3124897093056456,0.012412583613863992,3.8182859173469836,2,8,0,162.4134328797262,174.1828433957807,1170.1395655592821,582.3401746355289
train_00927,2.624804988163426,0.10944202486322052,12.95164416701213,3,6,0,161.93328749674862,104.82775929629338,1280.0,666.2329017961923
train_00928,2.5200503701731187,-0.033683968762863115,4.340533246431267,2,4,0,0.0,102.02902530636015,1280.0,669.6189387786951
train_00929,2.28359098802823,-0.2867780288824721,9.059673078133478,4,4,0,0.0,60.69611319440316,1113.6268061215007,719.6143307756806
train_00930,2.96700804683429,-0.05298496226055355,-4.716225641423353,2,6,1,0.0,147.83676919982548,1140.5764881040445,614.206459754567
train_00931,2.7292225874218037,0.09951320751099396,0.9049868975373787,4,6,0,112.62516589404015,129.55824270667858,1280.0,636.3194066729418
train_00932,2.257605688153964,-0.14399552541919677,-0.4727066222051608,2,4,0,0.0,70.77090680405489,1250.2556098239638,707.4234800841726
train_00933,3.4343207832391904,0.07117813791691496,-10.176303525609038,4,6,2,176.4652654727712,177.9640609567042,1130.204236659597,577.7633702189354
train_00934,2.427869873295879,0.28392365355205235,10.17995030614238,1,4,0,294.95831971372587,81.78588521188229,1280.0,694.1030805602567
train_00935,2.241882069832519,-0.22984959911785371,14.813191141924076,4,4,0,0.0,43.935684197395275,1209.006998291113,720.0
train_00936,2.189710268090166,-0.1437556816503161,-9.46510250751182,4,4,2,0.0,43.15986370433498,1201.9921880095078,720.0
train_00937,3.060701571792615,0.0993319689494837,14.340676891173498,1,6,0,210.24149565897835,148.0897777992348,1280.0,613.902982091333
train_00938,2.182235035156093,-0.28504487691270264,12.932067476082647,1,4,0,0.0,35.529507839672895,1154.828015671316,720.0
train_00939,3.4216835810770174,0.2566867738375869,-10.318401976460004,4,5,2,314.1920117199994,177.0914927798596,1280.0,578.8184287640335
train_00940,3.4634015542351717,-0.10123161235193634,6.163540697594776,3,8,0,108.72660136370328,182.0968800474216,1065.4378367862817,572.7670819838748
train_00941,3.343966181835091,0.2817633343220182,7.624849672769702,4,6,0,391.28603794967046,173.7542082189555,1280.0,582.8579417029566
train_00942,3.0003315971838322,0.17974570497228876,6.856313625025923,3,6,0,278.3244278095487,148.8357467327249,1280.0,613.0006095852272
train_00943,2.508026644838754,-0.2326106262282706,-0.6305629983154386,0,4,0,0.0,105.39591551534495,1075.0898486214796,665.5430629432958
train_00944,2.926282988945509,-0.16778112152529054,-4.278193542551744,2,4,2,0.0,144.71130097828353,1041.6336146992135,617.9873800166185
train_00945,2.082550454230806,0.08478759167410316,2.502943246014528,1,4,0,0.0,35.84027340975334,1280.0,720.0
train_00946,3.1719250336549996,0.1602570724990688,-9.128529796924745,0,6,2,210.0120353952115,160.70702319400726,1264.5041208921705,598.6378656642888
train_00947,2.8076184412403187,-0.032725150836720895,5.1467332894258995,0,8,0,21.556940910167626,132.93780238143944,1242.0092721806036,632.2317458329048
train_00948,3.4637592603838536,-0.06334583225347085,-0.28603919198562267,4,8,0,109.53755295130946,185.69708771201476,1070.0987988889792,568.4092250484374
train_00949,2.907616732771201,0.26604129846117314,12.253408506534928,2,6,0,322.75651423500665,136.02882360773236,1280.0,628.4917347672157
train_00950,2.5963369959735787,0.1295782634040895,-2.170785657399156,3,6,0,96.47166889907488,113.91532314033952,1280.0,655.2370686380046
train_00951,3.311452603649717,-0.24744082145827198,6.835600708679451,3,6,0,0.0,172.11100061048919,973.6284776955156,584.8469680060804
train_00952,3.1122915147907717,-0.05063413469335959,-1.724869097329524,1,7,1,45.49343815207777,161.8260718015322,1130.8620937805151,597.2846167750438
train_00953,3.2085091776549888,0.282216403921203,-2.2850340466338004,3,6,0,342.3905811077674,168.29669609029455,1280.0,589.4567129254889
train_00954,2.454846707820294,0.29302945673849795,0.7590313970979317,2,4,0,265.18540553154304,98.51023681473845,1280.0,673.8741704363522
train_00955,2.099173671750199,0.276057178932483,7.683421606370597,0,4,0,224.61596647894714,28.58191789212234,1280.0,720.0
train_00956,2.833720767447203,0.12614820406399513,7.657312433765554,1,6,0,204.27228805938583,133.06002746949625,1280.0,632.0833643980274
train_00957,2.0633493716582567,0.1957489831834714,10.037556048901735,2,4,0,118.65015615180049,15.998525381506429,1280.0,720.0
train_00958,2.7411507281580683,0.14391361384146734,-8.264393353423475,0,5,1,120.17179969177725,123.06805118952643,1280.0,644.1662233518091
train_00959,2.73782975495003,0.11270591159814225,-7.657492154439708,0,4,2,90.86850491257472,123.33967141428892,1280.0,643.8377550494386
train_00960,3.147077533720624,-0.004169864977897952,14.118759796036368,4,8,0,151.09554444084566,155.31035832731365,1212.758751247163,605.1690254718103
train_00961,3.1183483603793327,0.048639462055947935,1.967237689212375,2,8,0,149.84091933283878,162.06715534174944,1232.4283437394245,596.9958778525404
train_00962,2.9419940712218677,-0.014375572021639027,5.827352960023461,0,8,0,76.8559194912963,144.70379250426575,1229.4387606341352,617.999299273106
train_00963,2.770799739589708,0.15986546260727913,-9.50257507755845,0,5,1,138.00408547749882,124.94081430884384,1280.0,641.9009392634687
train_00964,2.898143732018342,-0.1997184475792393,-5.321794180771009,2,5,1,0.0,141.26531375213986,1008.4970074001185,622.1558007956212
train_00965,3.240232994910272,0.11098029076998173,-5.967830731393628,2,7,1,190.10048878589805,167.8653484363167,1223.876246180964,589.9789914515922
train_00966,2.5104696369272546,0.24647278709573656,-11.927464257655394,1,4,0,163.49374496929676,91.17960457292828,1280.0,682.737249767557
train_00967,2.7550743395959603,0.19894413287229884,8.85320214116351,4,6,0,274.3839923098104,123.94304769195861,1280.0,643.1110654137651
train_00968,3.0688206913074048,0.1213589329554442,9.077408488236383,3,5,1,250.64377587389623,153.68139127716162,1280.0,609.3302166071715
train_00969,3.3345895780725225,0.05858918364251153,7.907686375851508,2,8,0,227.12406789701924,196.4223240691923,1214.8861996835676,607.2071864109722
train_00970,3.036227204982456,0.17041783382768416,-12.667941074340106,3,5,2,187.5926927597645,133.08384759696452,1280.0,600.9656503937588
train_00971,3.1360010515665353,-0.2744898355170295,-11.765478544058046,4,5,1,0.0,134.22659370186844,928.3176857267296,582.7287623088782
train_00972,2.8897642574377196,-0.018550595109512513,12.255878952073857,0,7,1,103.22410724407575,105.63253013165159,1254.61827724885,602.3903892232127
train_00973,3.380147106220483,-0.1767592880684002,12.035246014600492,1,8,0,63.227505437858014,136.99658484554317,1036.3331041186914,547.3587021817254
train_00974,3.005900971794877,-0.282444530319664,-10.633290668011863,2,5,1,0.0,106.79665128725605,928.888748556577,577.4199806998669
train_00975,3.4231874076249227,-0.0912980749359581,-10.183279919220936,4,7,1,50.80756179885405,137.81737442596958,1014.6420465776478,539.7008122336779
train_00976,3.171203204190963,0.06777385730366042,0.14727687170401715,0,5,3,165.83066129153843,127.92385520301804,1231.8406743049675,551.9449301153177
train_00977,2.0064933930364983,0.1352096114993947,12.72696291223512,4,5,0,30.589284247495456,0.0,1280.0,720.0
train_00978,3.2769452151777902,-0.015170697719769088,5.943987203250952,1,6,2,143.69880434429825,146.20723025421842,1162.0506310033688,563.0650760097185
train_00979,3.4719516863630906,-0.045544891591635384,0.42753008623887645,3,4,4,127.26784599462476,177.5758928347458,1085.9204567187676,559.5855936754353
train_00980,2.779591371892903,-0.002510387768118072,-4.162486261562053,2,5,3,0.2173270606751032,131.19251756483942,1236.188105619221,634.3450060513605
train_00981,2.835698184245861,-0.2756348621148708,-5.156537780080855,0,4,2,0.0,135.63775188988757,943.7112049594147,628.9670449490427
train_00982,3.4086230026088407,-0.07953516313747785,-14.616424665140364,3,8,0,51.69847190724916,173.77311698245353,1042.6859406523859,582.8319174160332
train_00983,3.0081432175469236,-0.062178144880868425,0.6798712891075578,0,7,1,21.161625276684006,154.67206967172348,1151.9320959974993,605.9420433260373
train_00984,3.4628112412887035,-0.09682101219774714,2.8488248983091466,3,6,2,96.37456483442442,184.05415883514965,1057.2510142871752,570.3999939185118
train_00985,3.1472255183029225,0.15958329848312708,2.8094991161613407,3,5,1,256.22596898702295,163.53767823631705,1280.0,595.2157867065683
train_00986,2.5341459603141203,0.10000620604976451,13.504164532820194,3,5,1,135.26073306278704,92.50411883194094,1280.0,681.1394492761069
train_00987,2.7671217726047033,-0.21157554044723714,-1.3609577473916108,0,4,2,0.0,132.8421245823052,1043.4571206321345,632.3439021781951
train_00988,2.044585277508237,0.14267901354813162,9.909374058595745,3,4,2,28.484375593003364,12.01260176963416,1280.0,720.0
train_00989,3.017161161006416,0.2832435302991972,-3.521010517049451,2,4,2,315.5084577351993,153.0171345608955,1280.0,607.9390949882415
train_00990,2.9916209066466584,0.011969347749227754,-0.2343745992933055,3,7,1,81.06093578256761,153.7629176580453,1218.9228356907577,607.0400731076336
train_00991,3.4288707423653255,-0.28104088608602484,-2.087807831140088,0,4,2,0.0,182.53923827392228,895.3608535058229,572.2296662335089
train_00992,2.575444815122882,-0.11126448130812819,-3.7099031114825287,3,4,2,0.0,109.60136410679567,1175.782630915582,660.4559476363318
train_00993,3.327050343596107,-0.20151345361107764,-2.079566463569945,2,4,2,0.0,176.29596287140916,969.3709211992785,579.781663787688
train_00994,3.073584784445321,-0.007527043980310288,-11.718540213512956,3,8,0,46.003794661008826,151.08907265373432,1118.7626109331377,610.272467650169
train_00995,2.843383116882497,-0.20621342581502328,-13.327886225718675,2,6,0,0.0,128.78631702484952,1013.9774015781065,637.2506750056882
train_00996,2.742036695678291,0.2825224550565974,3.5081902913349374,2,6,0,319.36734284709956,128.09175539694039,1280.0,638.0926637233546
train_00997,3.1497061510881363,-0.12933747625135134,-13.157280826237727,4,5,1,0.0,156.16152564911073,1032.2672946880216,604.1370819779254
train_00998,2.127412605029222,0.1127947571821521,11.068198823536733,0,5,1,28.148924274115146,27.792936535071032,1280.0,720.0
train_00999,2.9866516798366067,-0.0465161760089573,0.4427946883611007,3,6,2,29.298558171152678,153.15436008379044,1169.4831933139337,607.777438110185
